province;red;green;blue;x;x
1;6;80;121;x;Non-explicit definitions are sea provinces, named definitions are land provinces, WASTELAND is used for the impassable provinces. 
2;132;25;125;x;The provinces have been placed in this order: Sea, Wasteland, Land
3;251;124;237;x;x
4;102;85;110;x;x
5;58;152;145;x;x
6;250;209;18;x;x
7;92;90;131;x;x
8;205;83;137;x;x
9;30;163;146;x;x
10;217;61;72;x;x
11;237;168;50;x;68;
12;145;211;123;x;x
13;69;140;71;x;x
14;167;1;29;x;x
15;189;209;196;x;x
16;226;31;190;x;x
17;225;72;19;x;x
18;234;5;79;x;x
19;190;84;118;x;x
20;232;72;128;x;x
21;238;9;106;x;x
22;35;146;107;x;x
23;200;29;156;x;x
24;232;73;172;x;x
25;255;181;66;x;x
26;33;82;112;x;x
27;168;54;75;x;x
28;235;30;98;x;x
29;184;169;136;x;x
30;236;43;102;x;x
31;5;158;189;x;x
32;123;92;43;x;x
33;150;102;120;x;x
34;140;45;166;x;x
35;169;172;121;x;x
36;99;254;20;x;x
37;204;217;126;x;x
38;89;237;37;x;x
39;42;35;48;x;x
40;46;79;70;x;x
41;51;138;243;x;x
42;187;74;36;x;x
43;203;130;213;x;x
44;83;13;158;x;x
45;122;120;71;x;x
46;29;96;108;x;x
47;135;143;102;x;x
48;58;54;140;x;x
49;165;8;213;x;x
50;66;244;17;x;x
51;246;224;7;x;x
52;180;80;110;x;x
53;18;229;227;x;x
54;5;240;100;x;x
55;201;191;222;x;x
56;44;59;240;x;x
57;208;106;193;x;x
58;116;60;82;x;x
59;106;159;226;x;x
60;111;207;4;x;x
61;166;189;167;x;x
62;186;99;6;x;x
63;33;213;81;x;x
64;119;147;76;x;x
65;138;248;152;x;x
66;240;30;98;x;x
67;143;155;253;x;x
68;129;253;221;x;x
69;229;243;232;x;x
70;162;156;44;x;x
71;168;125;162;x;x
72;227;87;149;x;x
73;91;127;56;x;x
74;96;7;252;x;x
75;4;217;43;x;x
76;254;133;239;x;x
77;3;76;227;x;x
78;194;145;71;x;x
79;96;79;232;x;x
80;153;228;207;x;x
81;160;45;125;x;x
82;226;237;204;x;x
83;118;136;180;x;x
84;131;163;138;x;x
85;12;70;117;x;x
86;246;60;255;x;x
87;105;223;221;x;x
88;235;223;94;x;x
89;175;29;26;x;x
90;116;243;218;x;x
91;41;53;27;x;x
92;170;145;243;x;x
93;186;98;59;x;x
94;249;136;153;x;x
95;158;210;178;x;x
96;232;54;192;x;x
97;64;45;164;x;x
98;194;5;138;x;x
99;109;89;21;x;x
100;107;40;10;x;x
101;15;205;122;x;x
102;205;187;41;x;x
103;60;130;33;x;x
104;69;156;108;x;x
105;138;209;97;x;x
106;98;136;232;x;x
107;227;60;226;x;x
108;93;16;192;x;x
109;170;198;125;x;x
110;26;62;190;x;x
111;93;53;194;x;x
112;234;168;141;x;x
113;5;137;39;x;x
114;18;121;247;x;x
115;211;79;180;x;x
116;42;30;228;x;x
117;27;192;254;x;x
118;52;111;72;x;x
119;204;157;62;x;x
120;254;221;103;x;x
121;48;123;240;x;x
122;36;40;199;x;x
123;73;12;76;x;x
124;66;193;21;x;x
125;140;157;102;x;x
126;142;219;105;x;x
127;100;125;217;x;x
128;17;155;92;x;x
129;47;26;90;x;x
130;214;140;7;x;x
131;182;62;178;x;x
132;149;163;52;x;x
133;8;181;179;x;x
134;47;167;12;x;x
135;27;154;179;x;x
136;38;52;228;x;x
137;143;37;92;x;x
138;43;233;50;x;x
139;227;228;47;x;x
140;136;214;104;x;x
141;254;210;96;x;x
142;168;213;94;x;x
143;36;226;23;x;x
144;82;48;107;x;x
145;210;198;187;x;x
146;41;134;83;x;x
147;76;50;30;x;x
148;40;6;40;x;x
149;151;24;251;x;x
150;60;226;140;x;x
151;166;95;218;x;x
152;135;15;102;x;x
153;207;198;249;x;x
154;95;49;113;x;x
155;143;68;142;x;x
156;175;254;191;x;x
157;45;53;96;x;x
158;108;51;206;x;x
159;52;49;180;x;x
160;137;183;100;x;x
161;237;181;223;x;x
162;230;192;106;x;x
163;234;168;135;x;x
164;150;163;143;x;x
165;156;180;19;x;x
166;159;54;54;x;x
167;142;215;28;x;x
168;240;146;24;x;x
169;157;103;111;x;x
170;73;224;144;x;x
171;184;39;29;x;x
172;167;32;40;x;x
173;158;54;207;x;x
174;218;51;208;x;x
175;191;150;138;x;x
176;128;137;28;x;x
177;154;14;97;x;x
178;48;208;143;x;x
179;179;222;106;x;x
180;135;198;216;x;x
181;161;19;131;x;x
182;106;66;74;x;x
183;144;106;91;x;x
184;73;182;219;x;x
185;94;63;107;x;x
186;122;86;109;x;x
187;13;32;142;x;x
188;88;69;8;x;x
189;216;173;193;x;x
190;9;186;185;x;x
191;147;28;27;x;x
192;250;75;36;x;x
193;169;181;103;x;x
194;255;85;213;x;x
195;64;144;208;x;x
196;243;72;77;x;x
197;222;55;76;x;x
198;47;72;159;x;x
199;244;52;202;x;x
200;60;197;186;x;x
201;168;201;147;x;x
202;40;22;206;x;x
203;251;54;235;x;x
204;68;22;229;x;x
205;161;254;82;x;x
206;182;10;255;x;x
207;31;26;119;x;x
208;255;7;196;x;x
209;150;221;126;x;x
210;115;157;151;x;x
211;72;251;20;x;x
212;182;22;138;x;x
213;187;125;58;x;x
214;130;22;243;x;x
215;78;117;169;x;x
216;82;141;132;x;x
217;232;102;134;x;x
218;175;214;105;x;x
219;14;5;232;x;x
220;49;157;81;x;x
221;209;150;46;x;x
222;92;189;0;x;x
223;46;184;202;x;x
224;80;12;30;x;x
225;143;103;153;x;x
226;242;232;104;x;x
227;39;145;38;x;x
228;210;186;228;x;x
229;208;146;28;x;x
230;88;189;76;x;x
231;172;221;229;x;x
232;168;178;103;x;x
233;90;218;122;x;x
234;116;38;61;x;x
235;235;115;25;x;x
236;76;156;191;x;x
237;213;198;78;x;x
238;168;185;205;x;x
239;146;9;36;x;x
240;106;168;103;x;x
241;97;61;213;x;x
242;202;109;86;x;x
243;52;250;220;x;x
244;219;51;54;x;x
245;204;39;8;x;x
246;222;60;162;x;x
247;90;108;65;x;x
248;153;45;109;x;x
249;116;135;225;x;x
250;247;178;100;x;x
251;178;70;36;x;x
252;211;87;142;x;x
253;71;154;143;x;x
254;148;52;70;x;x
255;128;172;208;x;x
256;225;238;138;x;x
257;37;10;24;x;x
258;105;36;74;x;x
259;18;195;33;x;x
260;33;90;81;x;x
261;106;126;220;x;x
262;117;239;127;x;x
263;84;106;99;x;x
264;71;70;71;x;x
265;115;161;62;x;x
266;129;159;35;x;x
267;20;251;214;x;x
268;32;107;231;x;x
269;253;154;224;x;x
270;237;96;141;x;x
271;145;24;249;x;x
272;109;183;33;x;x
273;96;202;44;x;x
274;241;37;44;x;x
275;57;85;66;x;x
276;142;101;103;x;x
277;204;249;189;x;x
278;62;215;201;x;x
279;155;92;252;x;x
280;96;146;112;x;x
281;74;32;61;x;x
282;148;1;26;x;x
283;135;139;54;x;x
284;248;255;24;x;x
285;254;23;245;x;x
286;52;55;236;x;x
287;175;185;14;x;x
288;130;79;127;x;x
289;63;56;58;x;x
290;87;59;17;x;x
291;8;189;113;x;x
292;201;77;169;x;x
293;64;88;44;x;x
294;221;199;94;x;x
295;231;204;56;x;x
296;63;82;92;x;x
297;67;55;155;x;x
298;215;47;209;x;x
299;168;172;143;x;x
300;188;50;236;x;x
301;15;250;50;x;x
302;218;97;50;x;x
303;196;75;239;x;x
304;131;44;48;x;x
305;42;128;208;x;x
306;213;173;183;x;x
307;76;89;234;x;x
308;254;97;156;x;x
309;246;84;183;x;x
310;90;94;227;x;x
311;183;159;208;x;x
312;109;33;147;x;x
313;67;66;172;x;x
314;248;201;166;x;x
315;222;208;148;x;x
316;223;135;5;x;x
317;29;45;199;x;x
318;101;86;41;x;x
319;70;95;208;x;x
320;52;110;99;x;x
321;40;88;107;x;x
322;133;98;130;x;x
323;145;219;89;x;x
324;124;104;160;x;x
325;128;62;29;x;x
326;192;118;106;x;x
327;192;100;147;x;x
328;51;52;199;x;x
329;63;189;82;x;x
330;61;63;30;x;x
331;150;146;166;x;x
332;134;255;250;x;x
333;41;70;50;x;x
334;68;110;227;x;x
335;150;223;254;x;x
336;107;108;49;x;x
337;17;22;150;x;x
338;161;247;158;x;x
339;179;21;171;x;x
340;27;4;41;x;x
341;206;28;244;x;x
342;107;153;241;x;x
343;128;133;76;x;x
344;46;145;123;x;x
345;207;109;204;x;x
346;250;65;78;x;x
347;34;193;236;x;x
348;51;103;69;x;x
349;22;29;235;x;x
350;4;242;101;x;x
351;63;77;212;x;x
352;52;31;21;x;x
353;40;82;122;x;x
354;222;52;210;x;x
355;229;52;82;x;x
356;234;1;48;x;x
357;58;152;116;x;x
358;149;21;17;x;x
359;108;213;154;x;x
360;134;18;221;x;x
361;151;73;67;x;x
362;214;199;85;x;x
363;113;94;254;x;x
364;57;0;150;x;x
365;145;21;56;x;x
366;66;71;224;x;x
367;168;241;54;x;x
368;20;87;132;x;x
369;68;171;91;x;x
370;140;120;10;x;x
371;193;186;21;x;x
372;158;249;50;x;x
373;218;42;84;x;x
374;22;44;210;x;x
375;246;136;19;x;x
376;228;3;232;x;x
377;137;160;205;x;x
378;119;22;35;x;x
379;69;102;224;x;x
380;91;45;28;x;x
381;169;201;121;x;x
382;255;58;168;x;x
383;123;130;209;x;x
384;50;80;150;x;x
385;2;72;41;x;x
386;71;131;94;x;x
387;25;30;89;x;x
388;1;169;155;x;x
389;43;244;70;x;x
390;116;71;49;x;x
391;110;220;60;x;x
392;24;232;36;x;x
393;175;116;91;x;x
394;192;50;254;x;x
395;245;173;242;x;x
396;183;138;80;x;x
397;130;218;72;x;x
398;80;249;52;x;x
399;61;226;151;x;x
400;5;10;239;x;x
401;229;241;149;x;x
402;112;152;238;x;x
403;4;120;232;x;x
404;35;24;53;x;x
405;71;3;65;x;x
406;170;126;122;x;x
407;114;60;127;x;x
408;140;235;10;x;x
409;165;12;23;x;x
410;14;153;149;x;x
411;192;201;172;x;x
412;35;93;73;x;x
413;115;178;80;x;x
414;114;178;66;x;x
415;193;195;230;x;x
416;214;156;121;x;x
417;95;248;226;x;x
418;27;178;64;x;x
419;199;61;229;x;x
420;208;96;19;x;x
421;166;124;216;x;x
422;180;219;141;x;x
423;77;220;28;x;x
424;100;172;34;x;x
425;197;104;77;x;x
426;46;99;14;x;x
427;97;119;78;x;x
428;202;134;155;x;x
429;61;22;95;x;x
430;236;223;194;x;x
431;234;154;106;x;x
432;136;74;173;x;x
433;183;16;142;x;x
434;248;4;28;x;x
435;218;0;99;x;x
436;157;51;102;x;x
437;249;52;200;x;x
438;195;56;111;x;x
439;27;213;13;x;x
440;133;140;205;x;x
441;77;20;13;x;x
442;185;18;72;x;x
443;251;72;152;x;x
444;206;233;223;x;x
445;71;77;18;x;x
446;95;33;142;x;x
447;246;68;79;x;x
448;57;26;165;x;x
449;243;255;7;x;x
450;235;76;39;x;x
451;7;118;75;x;x
452;112;144;35;x;x
453;88;245;29;x;x
454;128;198;160;x;x
455;181;123;155;x;x
456;225;201;168;x;x
457;29;47;192;x;x
458;153;15;65;x;x
459;185;34;45;x;x
460;218;196;149;x;x
461;56;172;144;x;x
462;163;245;210;x;x
463;234;207;127;x;x
464;144;61;33;x;x
465;143;46;173;x;x
466;160;100;46;x;x
467;51;149;55;x;x
468;110;184;24;x;x
469;197;73;148;x;x
470;93;130;78;x;x
471;210;14;68;x;x
472;57;252;162;x;x
473;170;45;195;x;x
474;176;227;120;x;x
475;114;213;224;x;x
476;224;21;195;x;x
477;179;134;87;x;x
478;3;64;178;x;x
479;161;169;74;x;x
480;7;108;155;x;x
481;156;200;214;x;x
482;131;94;123;x;x
483;21;207;76;x;x
484;106;49;96;x;x
485;131;61;169;x;x
486;142;10;95;x;x
487;239;10;156;x;x
488;200;250;203;x;x
489;174;75;124;x;x
490;181;108;77;x;x
491;156;228;222;x;x
492;123;90;70;x;x
493;30;1;60;x;x
494;106;117;181;x;x
495;134;232;36;x;x
496;86;13;77;x;x
497;218;139;100;x;x
498;186;3;126;x;x
499;12;113;214;x;x
500;214;197;38;x;x
501;95;120;10;x;x
502;115;22;142;x;x
503;98;88;1;x;x
504;248;68;217;x;Sea Ends
505;255;126;40;x;x
506;212;62;173;x;x
507;207;126;173;x;x
508;198;126;173;x;x
509;189;126;64;x;Plagued Grounds
510;185;62;255;x;Warsong Hold
511;171;126;192;x;x
512;166;62;64;x;x
513;162;126;255;x;x
514;157;62;128;x;x
515;153;126;0;x;x
516;148;62;192;x;x
517;143;126;64;x;Revantusk Village
518;139;62;255;x;x
519;134;126;128;x;x
520;130;62;0;x;x
521;255;125;215;x;x
522;101;125;54;x;Valkyrion
523;255;24;40;x;Icecrown Wastes
524;187;24;90;x;x
525;130;60;50;x;x
526;88;124;126;x;Nesingwary Base Camp
527;84;60;126;x;x
528;70;124;126;x;x
529;61;124;0;x;Verdant Enclave
530;56;60;192;x;Coldarra
531;43;124;128;x;x
532;38;60;0;x;x
533;34;124;192;x;x
534;29;60;64;x;x
535;24;124;255;x;x
536;20;60;128;x;x
537;15;124;0;x;Jintha'Alor
538;11;60;192;x;x
539;6;124;64;x;x
540;2;60;255;x;x
541;0;124;194;x;Mountainous Ruins
542;212;58;79;x;xi
543;198;122;79;x;x
544;193;58;64;x;Kolramas
545;189;122;255;x;Icecrown Approach
546;184;58;128;x;New Agamand
547;175;58;192;x;x
548;171;122;64;x;x
549;166;58;255;x;x
550;161;122;128;x;x
551;157;58;0;x;x
552;152;122;192;x;x
553;151;186;110;x;x
554;148;58;64;x;x
555;143;122;255;x;x
556;139;58;128;x;x
557;134;122;0;x;x
558;129;58;192;x;x
559;88;120;32;x;The Skyreach Pillar
560;84;56;32;x;x
561;79;120;32;x;x
562;65;56;0;x;Pools of Sseratus
563;61;120;192;x;Light's Trust
564;56;56;64;x;Scalawag Point
565;42;120;0;x;x
566;38;56;192;x;x
567;33;120;64;x;x
568;29;56;255;x;x
569;28;248;0;x;x
570;24;120;128;x;x
571;20;56;0;x;x
572;15;120;192;x;x
573;10;56;64;x;x
574;6;120;255;x;x
575;1;56;128;x;x
576;0;120;91;x;Frosthold
577;252;183;112;x;x
578;184;183;51;x;Sholazar Coast
579;80;119;60;x;x
580;211;54;173;x;x
581;198;118;173;x;x
582;193;54;255;x;Altar of Sseratus
583;189;118;128;x;The Forgotten Shore
584;184;54;0;x;Kamagua
585;170;118;255;x;x
586;166;54;128;x;x
587;161;118;0;x;x
588;157;54;192;x;x
589;147;54;255;x;x
590;143;118;128;x;x
591;138;54;0;x;x
592;134;118;192;x;x
593;129;54;64;x;x
594;67;80;32;x;x
595;181;181;52;x;The Makers' Overlook
596;83;52;126;x;x
597;70;116;126;x;x
598;65;52;192;x;Voltarus
599;60;116;64;x;Naxxramas
600;56;52;255;x;Ember Clutch
601;42;116;192;x;x
602;38;52;64;x;x
603;33;116;255;x;x
604;24;116;0;x;x
605;19;52;192;x;x
606;15;116;64;x;x
607;10;52;255;x;x
608;6;116;128;x;x
609;1;52;0;x;x
610;68;96;32;x;x
611;9;115;187;x;x
612;211;50;79;x;x
613;207;114;79;x;x
614;197;114;79;x;x
615;193;50;128;x;Thrym's End
616;184;50;192;x;x
617;170;114;128;x;x
618;165;50;0;x;x
619;161;114;192;x;x
620;156;50;64;x;x
621;152;114;255;x;x
622;147;50;128;x;x
623;143;114;0;x;x
624;138;50;192;x;x
625;133;114;64;x;x
626;129;50;255;x;x
627;163;146;255;x;x
628;255;112;90;x;Scourge Temples
629;102;240;0;x;x
630;83;48;32;x;x
631;78;112;32;x;x
632;69;112;32;x;x
633;65;48;64;x;Light's Reach
634;60;112;255;x;Wintergarde Keep
635;56;48;128;x;Westguard Keep
636;42;112;64;x;x
637;37;48;255;x;x
638;33;112;128;x;x
639;24;112;192;x;x
640;19;48;64;x;x
641;14;112;255;x;x
642;5;112;0;x;x
643;1;48;192;x;x
644;88;175;171;x;Plaguemist Ravine
645;240;238;129;x;K3
646;211;46;173;x;x
647;206;110;173;x;x
648;197;110;173;x;x
649;193;46;0;x;Zeramas
650;188;110;192;x;x
651;183;46;64;x;Apothecary Camp
652;170;110;0;x;x
653;165;46;192;x;x
654;156;46;255;x;x
655;151;110;128;x;x
656;147;46;0;x;x
657;142;110;192;x;x
658;138;46;64;x;x
659;133;110;255;x;x
660;129;46;128;x;x
661;35;140;64;x;x
662;83;44;126;x;x
663;69;108;126;x;x
664;64;44;255;x;Ebon Watch
665;60;108;128;x;x
666;55;44;0;x;x
667;42;108;255;x;x
668;37;44;128;x;x
669;32;108;0;x;x
670;28;44;192;x;x
671;23;108;64;x;x
672;19;44;255;x;x
673;14;108;128;x;x
674;10;44;0;x;x
675;5;108;192;x;x
676;0;44;64;x;x
677;197;106;79;x;x
678;192;42;192;x;x
679;188;106;64;x;Venomspite
680;183;42;255;x;Gjalerbron
681;169;106;192;x;x
682;165;42;64;x;x
683;160;106;255;x;x
684;156;42;128;x;x
685;151;106;0;x;x
686;147;42;192;x;x
687;142;106;64;x;x
688;137;42;255;x;x
689;133;106;128;x;x
690;128;42;0;x;x
691;196;94;173;x;x
692;132;41;144;x;Wildgrowth Mangal
693;196;90;79;x;x
694;187;90;79;x;x
695;64;40;128;x;Bloodmoon Isle
696;55;40;192;x;Skorn
697;41;104;128;x;x
698;37;40;0;x;x
699;32;104;192;x;x
700;28;40;64;x;x
701;23;104;255;x;x
702;18;40;128;x;x
703;9;40;192;x;x
704;5;104;64;x;x
705;0;40;255;x;x
706;213;231;178;x;Violet Stand
707;195;78;173;x;x
708;165;72;137;x;Keeps of Wintergrasp
709;242;102;96;x;x
710;213;38;84;x;x
711;197;102;173;x;x
712;192;38;64;x;Drakil'jin Ruins
713;187;102;255;x;The Crystal Vice
714;183;38;128;x;Vengeance Landing
715;169;102;64;x;x
716;165;38;255;x;x
717;160;102;128;x;x
718;155;38;0;x;x
719;151;102;192;x;x
720;146;38;64;x;x
721;142;102;255;x;xi
722;137;38;128;x;x
723;133;102;0;x;x
724;128;38;192;x;x
725;68;230;179;x;x
726;187;165;22;x;The Fleshwerks
727;179;165;85;x;x
728;188;228;233;x;Ulduar
729;110;36;0;x;x
730;82;36;126;x;x
731;68;100;126;x;x
732;64;36;0;x;Thor Modan
733;59;100;192;x;Galakrond's Rest
734;55;36;64;x;Utgarde Keep
735;41;100;0;x;x
736;36;36;192;x;x
737;32;100;64;x;x
738;27;36;255;x;x
739;23;100;128;x;x
740;18;36;0;x;x
741;14;100;192;x;x
742;9;36;64;x;x
743;4;100;255;x;x
744;234;227;107;x;x
745;231;35;179;x;x
746;196;98;79;x;x
747;192;34;255;x;Dun Argol Bay
748;187;98;128;x;Yrkvinn
749;183;34;0;x;Explorers' League Outpost
750;169;98;255;x;x
751;164;34;128;x;x
752;160;98;0;x;x
753;157;34;114;x;Dun Niffelem
754;155;34;192;x;x
755;151;98;64;x;x
756;146;34;255;x;x
757;141;98;128;x;x
758;137;34;0;x;x
759;132;98;192;x;x
760;128;34;64;x;x
761;255;225;120;x;Jotunheim
762;207;225;132;x;Rainspeaker Canopy
763;255;224;200;x;Quel'Danil Lodge
764;225;224;174;x;Terrace of the Makers
765;82;32;32;x;x
766;68;96;0;x;The Mosslight Pillar
767;64;32;192;x;x
768;59;96;64;x;Moa'ki Harbour
769;54;32;255;x;Halvarde
770;41;96;192;x;x
771;36;32;64;x;x
772;32;96;255;x;x
773;18;32;192;x;x
774;13;96;64;x;x
775;9;32;255;x;x
776;4;96;128;x;x
777;255;223;0;x;Sindragosa's Fall
778;237;158;128;x;x
779;196;94;255;x;The Argent Stand
780;191;158;128;x;Dun Argol
781;187;94;0;x;Agmar's Hammer
782;182;158;192;x;Nifflevar
783;169;94;128;x;x
784;164;158;0;x;x
785;159;94;192;x;x
786;155;158;64;x;x
787;150;94;255;x;x
788;146;158;128;x;x
789;141;94;0;x;x
790;137;158;192;x;x
791;132;94;64;x;x
792;108;157;64;x;x
793;86;92;126;x;x
794;68;92;192;x;Gundrak
795;63;156;64;x;Westfall Bridage Encampment
796;59;92;255;x;Stars' Rest
797;54;156;128;x;Giant's Run
798;40;92;64;x;x
799;36;156;255;x;x
800;31;92;128;x;x
801;27;156;0;x;x
802;22;92;192;x;x
803;18;156;64;x;x
804;13;92;255;x;x
805;8;156;128;x;x
806;4;92;0;x;x
807;54;91;72;x;x
808;237;154;79;x;x
809;214;90;79;x;x
810;196;90;128;x;Zol'maz Stronghold
811;191;154;0;x;Ursoc's Den
812;187;90;192;x;Icemist Village
813;182;154;64;x;Utgarde Crossroads
814;168;90;0;x;x
815;164;154;192;x;x
816;159;90;64;x;x
817;155;154;255;x;x
818;150;90;128;x;x
819;145;154;0;x;x
820;141;90;192;x;x
821;136;154;64;x;x
822;132;90;255;x;x
823;55;90;220;x;x
824;255;25;0;x;x
825;210;25;111;x;Sunreaver's Command
826;0;153;75;x;Frenzyheart Hill
827;255;24;90;x;Shadow Shore
828;201;24;126;x;Camp Tunka'lo
829;187;24;155;x;Accursed Cove
830;154;216;222;x;Argent Vanguard
831;86;88;32;x;
832;68;88;64;x;Altar of Mam'toth
833;63;152;255;x;Grizzlemaw
834;58;88;180;x;Wintergrasp Temple
835;54;152;0;x;Camp Winterhoof
836;40;88;255;x;x
837;36;152;128;x;x
838;31;88;0;x;x
839;26;152;192;x;x
840;22;88;64;x;x
841;17;152;255;x;x
842;13;88;128;x;x
843;8;152;0;x;x
844;4;88;192;x;x
845;255;23;23;x;x
846;187;215;128;x;Onslaught Harbor
847;255;22;200;x;x
848;214;86;173;x;x
849;191;150;192;x;Blue Sky Logging Grounds
850;186;86;64;x;Temple City of En'kilah
851;182;150;255;x;Fort Wildervar
852;173;150;0;x;x
853;168;86;192;x;x
854;159;86;255;x;x
855;154;150;128;x;x
856;150;86;0;x;x
857;145;150;192;x;x
858;141;86;64;x;x
859;136;150;255;x;x
860;131;86;128;x;x
861;255;21;245;x;x
862;81;81;255;x;Lakes of Wintergrasp
863;86;84;126;x;x
864;67;84;126;x;x
865;63;148;128;x;Grizzly Hills
866;58;84;0;x;Death's Stand
867;54;148;192;x;Wildervar Shore
868;44;148;255;x;x
869;40;84;128;x;x
870;35;148;0;x;x
871;31;84;192;x;x
872;26;148;64;x;x
873;22;84;255;x;x
874;17;148;128;x;x
875;8;148;192;x;x
876;3;84;64;x;x
877;250;19;41;x;River's Heart
878;255;18;160;x;x
879;195;82;79;x;x
880;191;146;64;x;Amberpine Lodge
881;186;82;255;x;Taunka'le Village
882;181;146;128;x;Valgarde
883;172;146;192;x;x
884;168;82;64;x;x
885;163;146;79;x;x
886;159;82;128;x;x
887;154;146;0;x;x
888;149;82;192;x;x
889;145;146;64;x;Aerie Peak
890;140;82;255;x;x
891;136;146;128;x;x
892;131;82;0;x;x
893;117;18;67;x;Forlorn Woods
894;59;82;37;x;Grom'arsh Crash Site
895;81;81;192;x;Sindragosa's Peaks
896;238;16;102;x;Snowdrift Plains
897;85;80;32;x;x
898;67;80;128;x;Altar of Quetz'lun
899;62;144;0;x;Voidrune
900;58;80;192;x;The Geyser Fields
901;56;16;31;x;The Decrepit Flow
902;44;144;128;x;x
903;40;80;0;x;x
904;35;144;192;x;x
905;30;80;64;x;x
906;26;144;255;x;x
907;21;80;128;x;x
908;12;80;192;x;x
909;8;144;64;x;x
910;3;80;255;x;x
911;60;143;34;x;Argent Tournament
912;163;142;173;x;x
913;34;136;255;x;x
914;213;78;173;x;x
915;209;142;173;x;x
916;199;142;173;x;The Suntouched Pillar
917;195;78;64;x;Altar of Rhunok
918;190;142;255;x;Conquest Hold
919;186;78;128;x;Kaskala
920;172;142;64;x;x
921;167;78;255;x;x
922;163;142;128;x;x
923;158;78;0;x;x
924;154;142;192;x;x
925;149;78;64;x;x
926;145;142;255;x;Hiri'Watha
927;140;78;128;x;x
928;135;142;0;x;x
929;131;78;192;x;x
930;187;205;22;x;Ymirheim Wastes
931;85;76;126;x;x
932;80;140;126;x;x
933;67;76;0;x;Zim'torga
934;62;140;192;x;Granite Springs
935;60;140;0;x;New Hearthglen
936;58;76;64;x;Fizzcrank Airstrip
937;44;140;0;x;x
938;39;76;192;x;x
939;35;140;126;x;The Lifeblood Pillar
940;30;76;255;x;x
941;26;140;128;x;x
942;16;140;192;x;Shadra'Alor
943;12;76;64;x;x
944;7;140;255;x;x
945;3;76;128;x;x
946;250;203;224;x;Courtyard of the Temples
947;255;125;200;x;Ymirheim
948;49;11;71;x;x
949;195;74;79;x;x
950;190;138;128;x;Zeb'halak
951;185;74;0;x;Bor'gorok Outpost
952;172;138;255;x;x
953;167;74;128;x;x
954;163;138;0;x;x
955;158;74;192;x;x
956;153;138;64;x;x
957;149;74;255;x;x
958;144;138;128;x;The Altar of Zul
959;140;74;0;x;x
960;135;138;192;x;x
961;131;74;64;x;x
962;255;200;150;x;x
963;165;72;84;x;x
964;85;72;32;x;x
965;68;8;179;x;x
966;66;72;32;x;x
967;62;136;64;x;Silverbrook
968;57;72;255;x;Amber Ledge
969;44;136;192;x;x
970;39;72;64;x;x
971;34;136;32;x;The Glimmering Pillar
972;30;72;128;x;x
973;25;136;0;x;x
974;21;72;192;x;x
975;16;136;64;x;The Creeping Ruin
976;12;72;255;x;x
977;7;136;128;x;x
978;2;72;0;x;x
979;213;70;173;x;x
980;199;134;173;x;x
981;194;70;173;x;x
982;190;134;0;x;Wyrmrest Temple
983;185;70;192;x;Garrosh's Landing
984;171;134;128;x;x
985;167;70;0;x;x
986;162;134;192;x;x
987;158;70;64;x;x
988;153;134;255;x;x
989;149;70;128;x;x
990;144;134;0;x;Skulk Rock
991;139;70;192;x;x
992;135;134;64;x;x
993;130;70;255;x;x
994;67;76;126;x;x
995;58;88;128;x;Azjol Nerub
996;68;88;32;x;x
997;68;92;126;x;x
998;91;4;48;x;Mord'rethar
999;71;132;126;x;x
1000;66;68;126;x;x
1001;62;132;255;x;x
1002;57;68;128;x;Riplash Ruins
1003;43;132;64;x;x
1004;39;68;255;x;x
1005;34;132;128;x;x
1006;30;68;0;x;x
1007;25;132;192;x;x
1008;20;68;64;x;x
1009;16;132;255;x;x
1010;11;68;128;x;x
1011;7;132;0;x;x
1012;3;196;128;x;x
1013;2;68;192;x;x
1014;188;67;67;x;x
1015;212;66;79;x;x
1016;199;130;79;x;x
1017;194;66;0;x;Altar of Har'koa
1018;189;130;192;x;Verdant Bay
1019;185;66;64;x;Riplash Strand
1020;171;130;0;x;x
1021;167;66;192;x;x
1022;162;130;64;x;x
1023;157;66;255;x;x
1024;153;130;128;x;x
1025;148;66;0;x;x
1026;144;130;192;x;x
1027;139;66;64;x;x
1028;135;130;255;x;x
1029;130;66;128;x;x
1030;51;130;63;x;x
1031;0;120;94;x;x
1032;251;0;36;x;x
1033;125;0;150;x;x
1034;120;0;100;x;x
1035;115;0;175;x;x
1036;110;0;75;x;x
1037;105;0;200;x;x
1038;101;0;236;x;x
1039;100;0;232;x;x
1040;99;0;248;x;x
1041;98;0;244;x;x
1042;95;0;50;x;x
1043;85;0;225;x;x
1044;84;64;32;x;x
1045;75;0;25;x;x
1046;71;0;236;x;x
1047;70;0;232;x;x
1048;69;0;248;x;x
1049;68;0;244;x;x
1050;65;0;250;x;x
1051;61;128;128;x;The Ruined Road
1052;57;64;0;x;Valiance Keep
1053;55;0;0;x;x
1054;52;0;240;x;x
1055;50;0;232;x;x
1056;43;128;255;x;x
1057;38;64;128;x;x
1058;34;128;0;x;x
1059;29;64;192;x;x
1060;25;128;64;x;x
1061;20;64;255;x;x
1062;16;128;128;x;x
1063;6;128;192;x;x
1064;2;64;64;x;Imported Provs End
1065;121;38;198;x;Rutheran Village
1066;230;251;48;x;Darnassus Tree
1067;24;121;196;x;Dolanaar
1068;254;235;137;x;Starbreeze Village
1069;51;135;1;x;Shadowglen
1070;81;217;155;x;The Oracle Glade
1071;154;159;97;x;Gnarlpine Hold
1072;161;229;85;x;Gnarlpine Caves
1073;210;153;201;x;Darnassus
1074;147;83;209;x;Wyrmscar Island
1075;234;169;105;x;Bloodcurse Isle
1076;102;158;112;x;The Warp Piston
1077;24;90;30;x;Blood Watch
1078;185;41;2;x;Axxarien
1079;243;68;27;x;Amberweb Pass
1080;18;148;24;x;The Vector Coil
1081;118;45;219;x;Nazzivian
1082;82;40;198;x;Blacksilt Shore
1083;40;26;95;x;The Cryo Core
1084;188;241;196;x;Wrathscale Lair
1085;26;107;239;x;Kessel's Crossing
1086;207;161;138;x;Stillpine Hold
1087;79;150;231;x;The Exodar
1088;225;162;246;x;Emberglade
1089;211;248;141;x;Azure Watch
1090;174;115;219;x;Odesyus Landing
1091;60;68;134;x;Bristlelimb Village
1092;145;188;13;x;Silvermyst Isle
1093;62;114;9;x;Ammen Vale
1094;197;249;144;x;Nestlewood Hills
1095;97;217;132;x;Azure Lakes
1096;74;126;7;x;The Erupted Mountain #
1097;15;238;131;x;Bilgewater Lumber Yard
1098;28;123;115;x;KTC Oil Platform
1099;150;139;57;x;Gallywix Docks
1100;219;3;149;x;The Slave Pits
1101;85;11;120;x;Warchief's Lookout
1102;134;76;108;x;Wild Overlook
1103;209;203;5;x;Shipwreck Shore
1104;114;148;19;x;Alliance Beachhead
1105;205;168;25;x;Horde Base Camp
1106;29;20;83;x;Oomlot Village
1107;104;234;226;x;Ruins of Vashj'elan
1108;74;154;63;x;WASTELAND: Wildlook Cliffs
1109;148;61;15;x;Melted Land
1110;131;154;131;x;WASTELAND: EK 1
1111;193;76;198;x;WASTELAND: EK 2
1112;136;246;86;x;WASTELAND: EK 3
1113;241;133;158;x;WASTELAND: EK 4
1114;78;63;63;x;WASTELAND: EK 5
1115;224;189;114;x;WASTELAND: EK 6
1116;70;19;115;x;WASTELAND: EK 7
1117;159;227;109;x;WASTELAND: EK 8
1118;199;199;158;x;WASTELAND: EK 9
1119;15;179;38;x;WASTELAND: EK 10
1120;1;144;152;x;WASTELAND: EK 11
1121;239;37;19;x;WASTELAND: EK 12
1122;90;134;246;x;WASTELAND: EK 13
1123;57;171;146;x;WASTELAND: EK 14
1124;208;29;177;x;WASTELAND: EK 15
1125;155;24;119;x;Shaol'Watha
1126;148;93;63;x;WASTELAND: EK 17
1127;172;220;26;x;WASTELAND: EK 18
1128;88;70;219;x;WASTELAND: EK 19
1129;59;41;165;x;WASTELAND: EK 20
1130;113;19;185;x;WASTELAND: EK 21
1131;78;54;117;x;WASTELAND: EK 22
1132;166;19;79;x;WASTELAND: EK 23
1133;146;30;97;x;WASTELAND: EK 24
1134;111;227;138;x;WASTELAND: EK 25
1135;255;82;212;x;WASTELAND: EK 26
1136;184;103;111;x;WASTELAND: EK 27
1137;235;184;229;x;WASTELAND: EK 28
1138;82;229;87;x;WASTELAND: EK 29
1139;56;226;13;x;WASTELAND: EK 30
1140;155;52;240;x;WASTELAND: EK 31
1141;103;97;107;x;WASTELAND: EK 32
1142;101;134;24;x;WASTELAND: EK 33
1143;214;228;66;x;WASTELAND: EK 34
1144;227;89;66;x;WASTELAND: EK 35
1145;246;225;20;x;WASTELAND: EK 36
1146;252;100;57;x;WASTELAND: EK 37
1147;245;3;100;x;WASTELAND: EK 38
1148;23;95;75;x;WASTELAND: EK 39
1149;75;213;58;x;WASTELAND: EK 40 #
1150;88;84;157;x;WASTELAND: EK 41
1151;174;71;115;x;WASTELAND: EK 42
1152;170;6;13;x;WASTELAND: EK 43
1153;42;36;223;x;WASTELAND: EK 44
1154;221;206;124;x;WASTELAND: EK 45
1155;243;146;217;x;WASTELAND: EK 46
1156;131;40;79;x;WASTELAND: EK 47
1157;204;211;246;x;WASTELAND: EK 48
1158;192;192;32;x;WASTELAND: EK 49
1159;33;99;16;x;WASTELAND: EK 50
1160;175;43;219;x;WASTELAND: EK 51
1161;39;36;90;x;MAELSTROM
1162;74;38;81;x;INTERNAL SEA EK 1
1163;163;148;249;x;INTERNAL SEA EK 2
1164;126;15;36;x;INTERNAL SEA EK 3
1165;65;125;249;x;INTERNAL SEA EK 4
1166;250;209;9;x;INTERNAL SEA EK 5
1167;78;234;230;x;INTERNAL SEA EK 6
1168;238;76;13;x;INTERNAL SEA EK 7
1169;72;237;223;x;INTERNAL SEA EK 8
1170;41;167;181;x;INTERNAL SEA EK 9
1171;125;52;50;x;INTERNAL SEA EK 10
1172;197;121;151;x;INTERNAL SEA EK 11
1173;99;151;119;x;INTERNAL SEA EK 12
1174;227;56;172;x;INTERNAL SEA EK 13
1175;74;149;22;x;INTERNAL SEA EK 14
1176;246;216;231;x;INTERNAL SEA EK 15
1177;188;91;36;x;INTERNAL SEA EK 16
1178;62;15;21;x;INTERNAL SEA EK 17
1179;62;254;213;x;INTERNAL SEA EK 18
1180;25;68;8;x;INTERNAL SEA EK 19
1181;107;192;254;x;INTERNAL SEA EK 20
1182;86;38;223;x;INTERNAL SEA EK 21
1183;91;75;85;x;INTERNAL SEA EK 22
1184;30;111;63;x;INTERNAL SEA EK 23
1185;222;238;151;x;INTERNAL SEA EK 24
1186;192;90;184;x;INTERNAL SEA EK 25
1187;83;84;188;x;INTERNAL SEA EK 26
1188;0;77;220;x;INTERNAL SEA EK 27
1189;122;209;198;x;INTERNAL SEA EK 28
1190;96;110;239;x;INTERNAL SEA EK 29
1191;205;225;207;x;INTERNAL SEA EK 30
1192;86;215;161;x;INTERNAL SEA EK 31
1193;160;92;229;x;INTERNAL SEA EK 32
1194;167;234;50;x;INTERNAL SEA EK 33
1195;143;106;107;x;INTERNAL SEA EK 34
1196;169;204;30;x;INTERNAL SEA EK 35
1197;47;22;31;x;INTERNAL SEA EK 36
1198;114;24;107;x;INTERNAL SEA EK 37
1199;88;36;220;x;INTERNAL SEA EK 38
1200;24;148;148;x;INTERNAL SEA EK 39
1201;212;98;128;x;INTERNAL SEA EK 40
1202;209;34;42;x;INTERNAL SEA EK 41
1203;35;43;154;x;INTERNAL SEA EK 42
1204;202;255;99;x;INTERNAL SEA EK 43
1205;5;186;7;x;INTERNAL SEA EK 44
1206;162;201;25;x;INTERNAL SEA EK 45
1207;185;152;251;x;INTERNAL SEA EK 46
1208;126;200;80;x;INTERNAL SEA EK 47
1209;88;24;34;x;INTERNAL SEA EK 48
1210;128;166;103;x;INTERNAL SEA EK 49
1211;178;252;74;x;INTERNAL SEA EK 50
1212;11;158;58;x;INTERNAL SEA EK 51
1213;83;5;156;x;INTERNAL SEA EK 52
1214;67;58;254;x;INTERNAL SEA EK 53
1215;7;7;153;x;INTERNAL SEA EK 54
1216;62;112;205;x;INTERNAL SEA EK 55
1217;150;22;24;x;INTERNAL SEA EK 56
1218;74;46;159;x;INTERNAL SEA EK 57
1219;151;46;20;x;INTERNAL SEA EK 58
1220;254;170;151;x;INTERNAL SEA EK 59
1221;35;57;182;x;INTERNAL SEA EK 60
1222;49;172;132;x;INTERNAL SEA EK 61
1223;62;176;35;x;INTERNAL SEA EK 62
1224;167;14;101;x;NORTHREND FILLER 1
1225;167;20;254;x;Jotunheim Shore
1226;237;54;177;x;Forgotten Cliffs
1227;109;59;224;x;NORTHREND FILLER 4
1228;117;160;65;x;Thunderfall
1229;183;133;125;x;NORTHREND FILLER 6
1230;46;113;62;x;Amber Waters
1231;234;188;20;x;Upper Geyser Pools
1232;20;15;166;x;Lower Geyser Pools
1233;133;59;143;x;The Nexus
1234;207;60;82;x;Death's Lake
1235;211;149;194;x;INTERNAL SEA NORTHREND 6
1236;154;157;125;x;INTERNAL SEA NORTHREN 7
1237;219;5;139;x;INTERNAL SEA NORTHREND 8
1238;4;106;75;x;INTERNAL SEA NORTHREND 9
1239;229;245;245;x;INTERNAL SEA NORTHREND 10
1240;234;82;75;x;INTERNAL SEA NORTHREND 11
1241;189;117;179;x;INTERNAL SEA NORTHREND 12
1242;16;198;212;x;INTERNAL SEA NORTHREND 13
1243;201;60;115;x;INTERNAL SEA NORTHREND 14
1244;169;93;207;x;INTERNAL SEA NORTHREND 15
1245;133;239;73;x;INTERNAL SEA NORTHREND 16
1246;85;16;151;x;INTERNAL SEA NORTHREND 17
1247;110;19;103;x;INTERNAL SEA NORTHREND 18
1248;139;70;55;x;INTERNAL SEA NORTHREND 19
1249;129;141;159;x;INTERNAL SEA NORTHREND 20
1250;170;99;231;x;INTERNAL SEA NORTHREND 21
1251;184;8;30;x;INTERNAL SEA NORTHREND 22
1252;171;131;105;x;INTERNAL SEA NORTHREND 23
1253;40;214;114;x;INTERNAL SEA NORTHREND 24
1254;47;20;64;x;INTERNAL SEA NORTHREND 25
1255;183;154;255;x;INTERNAL SEA NORTHREND 26
1256;9;202;253;x;INTERNAL SEA NORTHREND 27
1257;225;230;218;x;INTERNAL SEA NORTHREND 28
1258;156;18;142;x;North Coldarra Coast
1259;162;24;53;x;South Coldarra Coast
1260;4;1;108;x;East Coldarra Coast
1261;234;1;218;x;West Coldarra Coast
1262;51;251;49;x;The Makers' Perch
1263;200;109;137;x;The Savage Thicket
1264;239;217;235;x;The Lost Lands
1265;234;19;47;x;The Avalanche
1266;230;186;78;x;Onslaught Keep
1267;10;121;9;x;Corp'rethar
1268;147;113;119;x;Icecrown Citadel
1269;221;131;207;x;The Shadow Vault
1270;92;199;59;x;Aldur'thar
1271;250;209;229;x;Dalaran
1272;158;204;175;x;Forlorn Bridge
1273;253;126;11;x;The Unbound Thicket
1274;107;107;157;x;Stairs to Zul'drak
1275;91;68;5;x;Path to Storm Peaks
1276;2;33;135;x;Windrunner Overlook
1277;147;49;133;x;Temple of Storms
1278;66;90;222;x;Icy Wastes
1279;48;170;76;x;Ulduar Approach
1280;149;250;86;x;Brunnhildar Village
1281;162;179;185;x;Icy Wash
1282;239;143;245;x;Wastes of Wintergrasp
1283;99;44;109;x;Icemist Plains
1284;148;120;110;x;Drak'Tharon Keep
1285;85;58;19;x;Zim'torga Approach
1286;144;73;179;x;Gundrak Coast
1287;98;153;17;x;Gundrak Approach
1288;56;82;205;x;Mountain Path
1289;178;151;132;x;Venture Bay
1290;111;174;245;x;The Ancient Lift
1291;249;61;11;x;NORTHREND WASTELAND
1292;6;169;4;x;EXODAR INTERNAL SEA 1
1293;113;12;33;x;EXODAR INTERNAL SEA 1
1294;121;163;123;x;DARNASSUS INTERNAL SEA 1
1295;184;207;150;x;Shatterspear War Camp
1296;87;194;113;x;Shatterspear Vale
1297;65;144;62;x;Ruins of Mathystra
1298;172;246;78;x;Lor'danelb
1299;69;115;128;x;Whirlpool Wastes
1300;121;26;112;x;Ruins of Auberdinei
1301;64;115;229;x;Ameth' Aran
1302;121;209;49;x;Grove of the Ancients
1303;62;97;137;x;The Master's Glaive
1304;76;42;178;x;Blackfathom Deeps
1305;85;234;184;x;Orendil's Retreat
1306;5;20;92;x;Zoram'gar Outpost
1307;155;168;60;x;Maestra's Post
1308;16;100;46;x;The Shrine of Aessina
1309;180;207;91;x;Hellscream's Watch
1310;234;208;223;x;Astranaar
1311;95;241;188;x;Stardust Spire
1312;190;1;181;x;Raynewood Retreat
1313;9;144;246;x;Silverwind Refuge
1314;77;237;206;x;Jadefire Glen
1315;13;9;109;x;Emerald Sanctury
1316;243;235;43;x;Ruins of Constellas
1317;218;137;106;x;Jaedenar
1318;108;244;3;x;Bloodvenom Post
1319;55;200;226;x;Talonbranch Glade
1320;189;219;80;x;Ruins of Xyl
1321;78;39;11;x;Entrance of Timbermaw
1322;165;169;42;x;Timbermaw Hold
1323;149;122;153;x;Timbermaw Approach
1324;35;61;232;x;Shrine of Remulos
1325;38;45;11;x;Stormrage Barrow Dens
1326;92;28;4;x;Moonglade
1327;215;80;208;x;
1328;81;4;76;x;x
1329;89;213;127;x;x
1330;158;177;37;x;x
1331;235;37;17;x;x
1332;55;136;234;x;x
1333;148;191;238;x;x
1334;73;173;153;x;x
1335;130;207;63;x;x
1336;61;135;56;x;x
1337;12;242;195;x;x
1338;215;35;150;x;x
1339;176;186;186;x;x
1340;18;191;75;x;x
1341;76;26;86;x;x
1342;240;91;88;x;x
1343;70;116;69;x;x
1344;93;190;20;x;x
1345;115;134;62;x;x
1346;35;123;167;x;x
1347;18;101;48;x;x
1348;52;166;248;x;x
1349;244;206;106;x;x
1350;241;124;42;x;x
1351;38;2;204;x;x
1352;218;235;249;x;x
1353;111;121;197;x;x
1354;76;224;207;x;x
1355;1;229;227;x;x
1356;103;175;45;x;x
1357;215;61;95;x;x
1358;214;122;173;x;x
1359;117;185;214;x;x
1360;162;168;84;x;x
1361;12;27;60;x;x
1362;235;85;40;x;x
1363;237;24;0;x;x
1364;81;10;231;x;x
1365;217;25;221;x;x
1366;28;58;199;x;x
1367;247;89;91;x;x
1368;17;156;56;x;x
1369;165;253;178;x;x
1370;61;189;92;x;x
1371;44;137;4;x;x
1372;117;224;165;x;x
1373;2;161;233;x;x
1374;91;136;4;x;x
1375;112;4;127;x;x
1376;137;98;46;x;x
1377;184;132;99;x;x
1378;153;204;180;x;x
1379;209;157;210;x;x
1380;78;66;154;x;x
1381;117;186;148;x;x
1382;33;123;51;x;x
1383;18;219;4;x;x
1384;113;57;201;x;x
1385;102;34;116;x;x
1386;186;139;34;x;x
1387;12;179;205;x;x
1388;127;109;111;x;x
1389;53;95;50;x;x
1390;201;74;110;x;x
1391;113;247;174;x;x
1392;162;238;191;x;x
1393;66;195;111;x;x
1394;226;71;54;x;x
1395;110;27;59;x;x
1396;180;197;48;x;x
1397;136;16;228;x;x
1398;177;191;119;x;x
1399;79;124;74;x;x
1400;186;215;164;x;x
1401;218;94;134;x;x
1402;252;186;143;x;x
1403;181;194;149;x;x
1404;136;52;59;x;x
1405;211;29;241;x;x
1406;68;219;234;x;x
1407;225;29;182;x;x
1408;19;33;24;x;x
1409;248;212;93;x;x
1410;115;248;109;x;x
1411;215;74;27;x;x
1412;207;129;94;x;x
1413;116;122;33;x;x
1414;187;116;127;x;x
1415;102;68;251;x;x
1416;196;226;45;x;x
1417;72;177;58;x;x
1418;54;67;120;x;x
1419;89;137;156;x;x
1420;64;154;44;x;x
1421;176;50;28;x;x
1422;212;66;246;x;x
1423;134;131;160;x;x
1424;195;18;33;x;x
1425;87;37;35;x;x
1426;45;107;227;x;x
1427;139;42;199;x;x
1428;179;206;101;x;x
1429;113;162;202;x;x
1430;240;92;137;x;x
1431;5;133;77;x;x
1432;43;72;112;x;x
1433;26;118;88;x;x
1434;52;151;98;x;x
1435;39;209;193;x;x
1436;179;147;193;x;x
1437;106;12;123;x;x
1438;190;57;14;x;x
1439;57;103;248;x;x
1440;219;240;180;x;x
1441;44;175;10;x;x
1442;182;136;27;x;x
1443;243;83;252;x;x
1444;59;187;92;x;x
1445;241;49;209;x;x
1446;22;142;5;x;x
1447;201;253;188;x;x
1448;231;168;121;x;x
1449;111;28;136;x;x
1450;95;46;113;x;x
1451;165;91;0;x;x
1452;198;94;113;x;x
1453;9;189;163;x;x
1454;189;91;69;x;x
1455;32;86;30;x;x
1456;163;6;203;x;x
1457;245;54;157;x;x
1458;178;152;191;x;x
1459;77;65;177;x;x
1460;134;216;68;x;x
1461;132;201;77;x;x
1462;159;24;151;x;x
1463;217;226;57;x;x
1464;10;13;215;x;x
1465;188;97;177;x;x
1466;64;201;65;x;x
1467;129;187;212;x;x
1468;54;209;8;x;x
1469;64;68;138;x;x
1470;23;200;138;x;x
1471;235;134;203;x;x
1472;79;14;142;x;x
1473;234;73;46;x;x
1474;201;173;36;x;x
1475;191;23;99;x;x
1476;240;100;238;x;x
1477;86;11;252;x;x
1478;164;65;83;x;x
1479;61;29;249;x;x
1480;251;211;70;x;x
1481;44;146;149;x;x
1482;131;174;136;x;x
1483;124;177;198;x;x
1484;93;159;109;x;x
1485;58;178;247;x;x
1486;4;241;216;x;x
1487;57;23;108;x;x
1488;173;187;155;x;x
1489;19;148;106;x;x
1490;16;12;221;x;x
1491;239;138;44;x;x
1492;208;240;5;x;x
1493;236;193;164;x;x
1494;117;191;9;x;x
1495;157;92;228;x;x
1496;122;225;29;x;x
1497;37;187;88;x;x
1498;135;255;70;x;x
1499;59;118;7;x;x
1500;55;181;57;x;x
1501;103;140;212;x;x
1502;35;173;207;x;x
1503;61;44;213;x;x
1504;215;155;189;x;x
1505;100;27;188;x;x
1506;234;95;94;x;x
1507;248;84;47;x;x
1508;132;67;57;x;x
1509;64;10;29;x;x
1510;211;20;67;x;x
1511;55;129;26;x;x
1512;213;243;102;x;x
1513;115;192;83;x;x
1514;42;228;41;x;x
1515;203;234;36;x;x
1516;58;62;124;x;x
1517;150;144;12;x;x
1518;252;16;69;x;x
1519;169;199;103;x;x
1520;203;204;83;x;x
1521;18;202;194;x;x
1522;93;173;16;x;x
1523;149;170;154;x;x
1524;152;75;7;x;x
1525;16;50;179;x;x
1526;129;253;172;x;x
1527;100;216;161;x;x
1528;6;54;32;x;x
1529;21;12;251;x;x
1530;183;224;3;x;x
1531;157;117;52;x;x
1532;153;174;253;x;x
1533;183;157;52;x;x
1534;203;2;248;x;x
1535;46;68;71;x;x
1536;143;54;236;x;x
1537;249;0;167;x;x
1538;37;34;205;x;x
1539;13;126;100;x;x
1540;53;235;255;x;x
1541;105;172;214;x;x
1542;211;210;59;x;x
1543;84;205;9;x;x
1544;63;107;46;x;x
1545;78;197;193;x;x
1546;159;173;33;x;x
1547;162;217;234;x;x
1548;93;141;80;x;x
1549;234;169;185;x;x
1550;131;166;196;x;x
1551;158;230;186;x;x
1552;199;104;161;x;x
1553;130;181;250;x;x
1554;5;140;123;x;x
1555;89;248;29;x;x
1556;176;195;9;x;x
1557;86;168;34;x;x
1558;115;157;177;x;x
1559;47;113;150;x;x
1560;177;253;207;x;x
1561;193;137;254;x;x
1562;45;58;163;x;x
1563;180;115;241;x;x
1564;63;220;201;x;x
1565;11;67;194;x;x
1566;142;122;152;x;x
1567;205;238;32;x;x
1568;172;132;34;x;x
1569;162;69;189;x;x
1570;173;184;229;x;x
1571;191;159;9;x;x
1572;74;168;134;x;x
1573;244;169;190;x;x
1574;208;202;62;x;x
1575;38;45;247;x;x
1576;160;199;104;x;x
1577;43;9;107;x;x
1578;110;113;9;x;x
1579;126;65;102;x;x
1580;222;69;110;x;x
1581;180;83;56;x;x
1582;23;200;159;x;x
1583;113;246;83;x;x
1584;18;228;27;x;x
1585;113;30;120;x;x
1586;50;31;101;x;x
1587;19;119;82;x;x
1588;121;213;196;x;x
1589;75;51;125;x;x
1590;186;88;49;x;x
1591;5;203;93;x;x
1592;18;84;64;x;x
1593;28;193;93;x;x
1594;24;155;114;x;x
1595;108;142;159;x;x
1596;187;112;32;x;x
1597;111;153;170;x;x
1598;34;47;168;x;x
1599;195;160;6;x;x
1600;67;100;138;x;x
1601;151;246;130;x;x
1602;126;10;35;x;x
1603;208;177;172;x;x
1604;39;33;214;x;x
1605;192;205;148;x;x
1606;214;197;47;x;x
1607;96;1;85;x;x
1608;9;86;152;x;x
1609;151;219;89;x;x
1610;231;249;172;x;x
1611;21;193;237;x;x
1612;59;95;86;x;x
1613;201;106;126;x;x
1614;198;224;134;x;x
1615;180;81;80;x;x
1616;8;217;56;x;x
1617;135;121;97;x;x
1618;36;182;64;x;x
1619;50;83;16;x;x
1620;84;208;197;x;x
1621;26;117;65;x;x
1622;99;249;244;x;x
1623;175;55;172;x;x
1624;110;133;9;x;x
1625;252;77;150;x;x
1626;243;173;110;x;x
1627;12;247;158;x;x
1628;96;238;104;x;x
1629;119;95;148;x;x
1630;100;209;154;x;x
1631;195;112;237;x;x
1632;254;189;1;x;x
1633;125;89;73;x;x
1634;177;75;138;x;x
1635;1;26;68;x;x
1636;214;159;187;x;x
1637;30;242;65;x;x
1638;14;57;36;x;x
1639;60;242;105;x;x
1640;41;159;143;x;x
1641;125;71;59;x;x
1642;207;204;17;x;x
1643;213;252;97;x;x
1644;224;218;32;x;x
1645;45;239;123;x;x
1646;192;215;18;x;x
1647;192;110;199;x;x
1648;97;185;144;x;x
1649;77;75;92;x;x
1650;75;41;194;x;x
1651;61;112;53;x;x
1652;169;72;239;x;x
1653;16;0;35;x;x
1654;59;24;220;x;x
1655;230;19;12;x;x
1656;254;193;35;x;x
1657;212;51;66;x;x
1658;170;9;222;x;x
1659;129;190;204;x;x
1660;4;147;138;x;x
1661;111;240;93;x;x
1662;153;171;145;x;x
1663;136;90;102;x;x
1664;48;212;146;x;x
1665;75;17;78;x;x
1666;155;181;218;x;x
1667;56;51;12;x;x
1668;187;233;231;x;x
1669;94;219;181;x;x
1670;90;232;101;x;x
1671;145;143;85;x;x
1672;26;153;191;x;x
1673;190;97;239;x;x
1674;55;237;20;x;x
1675;58;92;95;x;x
1676;17;154;183;x;x
1677;30;67;211;x;x
1678;244;19;138;x;x
1679;86;13;250;x;x
1680;198;76;90;x;x
1681;60;96;186;x;x
1682;171;60;34;x;x
1683;29;32;218;x;x
1684;35;102;222;x;x
1685;3;7;119;x;x
1686;13;45;55;x;x
1687;193;247;68;x;x
1688;94;213;170;x;x
1689;112;106;28;x;x
1690;191;189;144;x;x
1691;129;73;217;x;x
1692;196;178;238;x;x
1693;90;13;101;x;x
1694;47;152;71;x;x
1695;211;67;248;x;x
1696;65;165;157;x;x
1697;175;46;129;x;x
1698;197;103;90;x;x
1699;91;153;7;x;x
1700;93;76;29;x;x
1701;235;21;1;x;x
1702;27;217;159;x;x
1703;168;90;68;x;x
1704;206;175;199;x;x
1705;50;133;142;x;x
1706;54;159;109;x;x
1707;128;95;203;x;x
1708;133;134;167;x;x
1709;18;37;203;x;x
1710;101;107;102;x;x
1711;171;95;199;x;x
1712;184;255;11;x;x
1713;219;112;253;x;x
1714;235;14;88;x;x
1715;56;219;13;x;x
1716;16;98;228;x;x
1717;80;235;129;x;x
1718;243;188;94;x;x
1719;251;24;223;x;x
1720;127;97;115;x;x
1721;204;62;81;x;x
1722;97;44;61;x;x
1723;192;181;3;x;x
1724;137;194;190;x;x
1725;32;77;224;x;x
1726;134;209;41;x;x
1727;74;92;66;x;x
1728;178;234;17;x;x
1729;59;83;227;x;x
1730;77;159;240;x;x
1731;244;132;214;x;x
1732;234;102;39;x;x
1733;197;31;42;x;x
1734;35;116;25;x;x
1735;238;202;218;x;x
1736;108;169;239;x;x
1737;1;50;158;x;x
1738;74;14;223;x;x
1739;207;49;19;x;x
1740;248;149;168;x;x
1741;107;75;225;x;x
1742;178;50;218;x;x
1743;104;149;138;x;x
1744;236;118;194;x;x
1745;149;68;1;x;x
1746;228;70;14;x;x
1747;122;183;193;x;x
1748;151;82;213;x;x
1749;185;83;200;x;x
1750;183;111;65;x;x
1751;135;180;176;x;x
1752;88;15;0;x;x
1753;96;182;136;x;x
1754;186;71;228;x;x
1755;121;204;247;x;x
1756;198;166;207;x;x
1757;166;58;115;x;x
1758;186;106;113;x;x
1759;181;145;163;x;x
1760;29;198;195;x;x
1761;38;64;162;x;x
1762;162;220;67;x;x
1763;151;175;141;x;x
1764;241;244;164;x;x
1765;154;247;236;x;x
1766;177;186;73;x;x
1767;116;224;231;x;x
1768;146;177;45;x;x
1769;170;64;87;x;x
1770;90;3;166;x;x
1771;43;30;219;x;x
1772;53;23;174;x;x
1773;15;213;170;x;x
1774;70;166;116;x;x
1775;23;153;39;x;x
1776;82;134;229;x;x
1777;120;207;197;x;x
1778;242;24;16;x;x
1779;171;220;255;x;x
1780;203;49;52;x;x
1781;192;35;44;x;x
1782;45;224;118;x;x
1783;194;102;232;x;x
1784;174;22;190;x;x
1785;75;142;44;x;x
1786;4;54;74;x;x
1787;135;130;217;x;x
1788;41;109;187;x;x
1789;152;114;141;x;x
1790;168;79;221;x;x
1791;214;123;70;x;x
1792;43;212;116;x;x
1793;249;226;56;x;x
1794;173;72;172;x;x
1795;0;32;176;x;x
1796;82;63;57;x;x
1797;229;23;12;x;x
1798;185;24;217;x;x
1799;145;64;104;x;x
1800;142;72;22;x;x
1801;245;135;104;x;x
1802;176;180;60;x;x
1803;86;88;213;x;x
1804;124;104;7;x;x
1805;205;125;132;x;x
1806;66;16;206;x;x
1807;103;200;216;x;x
1808;30;126;73;x;x
1809;92;129;78;x;x
1810;36;45;123;x;x
1811;94;35;204;x;x
1812;194;173;248;x;x
1813;177;99;70;x;x
1814;114;176;209;x;x
1815;114;46;213;x;x
1816;250;105;175;x;x
1817;65;220;208;x;x
1818;234;181;25;x;x
1819;19;85;142;x;x
1820;220;188;95;x;x
1821;98;134;133;x;x
1822;7;199;44;x;x
1823;0;88;170;x;x
1824;186;65;192;x;x
1825;104;21;252;x;x
1826;182;150;255;x;x
1827;115;114;242;x;x
1828;113;51;127;x;x
1829;82;158;168;x;x
1830;67;213;118;x;x
1831;31;166;148;x;x
1832;166;20;95;x;x
1833;161;29;69;x;x
1834;127;88;162;x;x
1835;162;107;30;x;x
1836;63;30;70;x;x
1837;71;133;41;x;x
1838;44;36;67;x;x
1839;179;27;51;x;x
1840;95;191;79;x;x
1841;248;26;63;x;x
1842;215;238;12;x;x
1843;21;149;25;x;x
1844;13;131;120;x;x
1845;175;172;240;x;x
1846;37;199;50;x;x
1847;16;193;198;x;x
1848;16;217;166;x;x
1849;5;156;73;x;x
1850;27;247;24;x;x
1851;38;156;220;x;x
1852;250;101;110;x;x
1853;205;54;173;x;x
1854;64;106;187;x;x
1855;57;173;169;x;x
1856;63;204;128;x;x
1857;115;184;54;x;x
1858;160;119;67;x;x
1859;106;36;248;x;x
1860;210;184;243;x;x
1861;80;87;187;x;x
1862;88;181;42;x;x
1863;143;179;149;x;x
1864;240;126;28;x;x
1865;202;176;165;x;x
1866;14;165;153;x;x
1867;145;141;13;x;x
1868;150;126;160;x;x
1869;114;144;104;x;x
1870;222;2;21;x;x
1871;4;40;43;x;x
1872;249;31;149;x;x
1873;62;186;127;x;x
1874;212;213;22;x;x
1875;124;71;116;x;x
1876;214;149;235;x;x
1877;3;222;213;x;x
1878;248;160;200;x;x
1879;65;0;23;x;x
1880;174;88;196;x;x
1881;245;240;248;x;x
1882;188;49;29;x;x
1883;235;181;66;x;x
1884;72;67;79;x;x
1885;20;47;133;x;x
1886;147;29;163;x;x
1887;66;229;148;x;x
1888;196;15;206;x;x
1889;182;195;231;x;x
1890;27;185;134;x;x
1891;93;6;195;x;x
1892;10;247;137;x;x
1893;223;176;219;x;x
1894;38;132;191;x;x
1895;7;166;51;x;x
1896;85;253;253;x;x
1897;134;5;8;x;x
1898;231;237;192;x;x
1899;95;56;123;x;x
1900;105;197;241;x;x
1901;241;61;34;x;x
1902;86;162;40;x;x
1903;193;161;208;x;x
1904;190;227;66;x;x
1905;79;181;119;x;x
1906;248;129;8;x;x
1907;216;113;101;x;x
1908;80;194;196;x;x
1909;51;20;18;x;x
1910;155;213;127;x;x
1911;52;85;211;x;x
1912;212;74;62;x;x
1913;222;103;133;x;x
1914;1;145;121;x;x
1915;219;220;121;x;x
1916;190;182;229;x;x
1917;65;86;71;x;x
1918;164;44;236;x;x
1919;177;182;105;x;x
1920;234;228;33;x;x
1921;75;115;143;x;x
1922;114;125;128;x;x
1923;48;25;149;x;x
1924;149;203;102;x;x
1925;34;216;216;x;x
1926;151;235;111;x;x
1927;163;231;102;x;x
1928;87;124;152;x;x
1929;96;218;235;x;x
1930;99;84;182;x;x
1931;41;221;139;x;x
1932;194;145;115;x;x
1933;139;115;231;x;x
1934;129;178;155;x;x
1935;20;37;252;x;x
1936;118;6;209;x;x
1937;244;250;23;x;x
1938;91;93;251;x;x
1939;247;155;141;x;x
1940;208;118;74;x;x
1941;137;173;169;x;x
1942;85;25;142;x;x
1943;19;82;3;x;x
1944;0;94;204;x;x
1945;225;181;136;x;x
1946;129;115;116;x;x
1947;35;165;107;x;x
1948;73;30;153;x;x
1949;200;28;159;x;x
1950;84;148;33;x;x
1951;166;218;252;x;x
1952;51;96;95;x;x
1953;93;19;139;x;x
1954;148;33;72;x;x
1955;247;48;129;x;x
1956;100;98;145;x;x
1957;195;71;195;x;x
1958;22;51;124;x;x
1959;19;221;45;x;x
1960;127;203;30;x;x
1961;87;181;64;x;x
1962;216;52;137;x;x
1963;254;236;160;x;x
1964;104;106;235;x;x
1965;25;107;211;x;x
1966;72;113;217;x;x
1967;161;147;131;x;x
1968;45;88;101;x;x
1969;182;71;215;x;x
1970;88;142;231;x;x
1971;59;185;29;x;x
1972;108;15;12;x;x
1973;108;247;172;x;x
1974;52;140;184;x;x
1975;44;227;88;x;x
1976;210;198;54;x;x
1977;173;227;169;x;x
1978;220;200;199;x;x
1979;12;130;112;x;x
1980;226;225;142;x;x
1981;115;190;41;x;x
1982;25;68;121;x;x
1983;85;40;180;x;x
1984;41;209;113;x;x
1985;16;180;189;x;x
1986;204;184;254;x;x
1987;45;139;51;x;x
1988;128;246;237;x;x
1989;112;144;105;x;x
1990;254;244;152;x;x
1991;240;187;154;x;x
1992;114;234;155;x;x
1993;151;191;199;x;x
1994;132;35;44;x;x
1995;203;223;113;x;x
1996;11;114;102;x;x
1997;137;116;12;x;x
1998;175;154;211;x;x
1999;180;229;184;x;x
2000;111;140;110;x;x
2001;100;93;9;x;x
2002;86;169;14;x;x
2003;86;136;166;x;x
2004;14;137;126;x;x
2005;102;141;87;x;x
2006;35;199;98;x;x
2007;233;222;54;x;x
2008;240;163;196;x;x
2009;186;210;146;x;x
2010;72;28;105;x;x
2011;113;46;103;x;x
2012;198;113;110;x;x
2013;128;251;146;x;x
2014;34;49;211;x;x
2015;172;21;22;x;x
2016;70;131;76;x;x
2017;56;233;169;x;x
2018;142;60;49;x;x
2019;243;73;97;x;x
2020;117;245;81;x;x
2021;205;107;162;x;x
2022;58;60;5;x;x
2023;74;216;2;x;x
2024;204;36;62;x;x
2025;92;121;196;x;x
2026;99;108;53;x;x
2027;144;38;111;x;x
2028;168;226;92;x;x
2029;239;50;48;x;x
2030;48;189;130;x;x
2031;76;169;203;x;x
2032;146;195;247;x;x
2033;195;176;33;x;x
2034;130;118;133;x;x
2035;219;170;130;x;x
2036;53;169;221;x;x
2037;55;90;127;x;x
2038;115;90;17;x;x
2039;11;59;83;x;x
2040;163;146;71;x;x
2041;213;61;208;x;x
2042;9;227;28;x;x
2043;205;166;10;x;x
2044;120;96;161;x;x
2045;56;252;81;x;x
2046;195;182;211;x;x
2047;235;23;206;x;x
2048;30;177;130;x;x
2049;170;45;60;x;x
2050;129;253;41;x;x
2051;44;241;122;x;x
2052;144;208;46;x;x
2053;2;65;20;x;x
2054;239;208;157;x;x
2055;118;40;121;x;x
2056;147;53;85;x;x
2057;188;57;47;x;x
2058;82;182;184;x;x
2059;180;88;244;x;x
2060;54;243;108;x;x
2061;30;238;92;x;x
2062;247;239;253;x;x
2063;41;207;190;x;x
2064;112;32;26;x;x
2065;115;218;150;x;x
2066;106;107;171;x;x
2067;242;245;97;x;x
2068;19;39;153;x;x
2069;110;179;222;x;x
2070;159;63;166;x;x
2071;199;67;57;x;x
2072;214;60;175;x;x
2073;224;55;43;x;x
2074;100;1;95;x;x
2075;46;23;156;x;x
2076;120;108;172;x;x
2077;140;134;65;x;x
2078;194;242;109;x;x
2079;4;34;135;x;x
2080;133;86;209;x;x
2081;86;34;242;x;x
2082;118;113;22;x;x
2083;126;121;254;x;x
2084;152;196;210;x;x
2085;49;7;3;x;x
2086;137;21;218;x;x
2087;240;145;165;x;x
2088;14;253;20;x;x
2089;23;3;180;x;x
2090;105;47;28;x;x
2091;152;118;207;x;x
2092;159;175;34;x;x
2093;194;1;150;x;x
2094;154;42;146;x;x
2095;198;151;139;x;x
2096;204;126;202;x;x
2097;207;218;104;x;x
2098;207;196;140;x;x
2099;82;189;215;x;x
2100;60;114;63;x;x
2101;174;96;117;x;x
2102;1;182;115;x;x
2103;32;1;233;x;x
2104;242;202;165;x;x
2105;102;5;146;x;x
2106;210;153;133;x;x
2107;141;175;147;x;x
2108;200;209;29;x;x
2109;87;180;166;x;x
2110;172;15;119;x;x
2111;8;240;135;x;x
2112;96;225;166;x;x
2113;60;41;185;x;x
2114;211;216;84;x;x
2115;162;89;19;x;x
2116;108;26;238;x;x
2117;186;96;247;x;x
2118;180;203;133;x;x
2119;249;241;43;x;x
2120;205;133;199;x;x
2121;86;184;100;x;x
2122;96;255;234;x;x
2123;12;233;190;x;x
2124;11;181;0;x;x
2125;64;70;237;x;x
2126;48;207;26;x;x
2127;132;192;54;x;x
2128;21;231;219;x;x
2129;112;236;164;x;x
2130;232;216;110;x;x
2131;32;185;37;x;x
2132;74;114;51;x;x
2133;5;188;153;x;x
2134;231;227;240;x;x
2135;69;89;72;x;x
2136;181;227;217;x;x
2137;100;204;112;x;x
2138;37;96;7;x;x
2139;160;153;228;x;x
2140;78;233;209;x;x
2141;202;197;76;x;x
2142;80;213;153;x;x
2143;74;100;46;x;x
2144;85;219;34;x;x
2145;189;184;159;x;x
2146;226;248;102;x;x
2147;140;189;19;x;x
2148;2;30;55;x;x
2149;235;229;176;x;x
2150;12;223;161;x;x
2151;50;211;182;x;x
2152;24;132;103;x;x
2153;236;167;6;x;x
2154;30;239;99;x;x
2155;48;73;171;x;x
2156;62;23;71;x;x
2157;165;142;168;x;x
2158;110;1;138;x;x
2159;130;200;160;x;x
2160;28;22;171;x;x
2161;228;168;237;x;x
2162;157;137;94;x;x
2163;250;227;72;x;x
2164;50;144;192;x;x
2165;195;132;33;x;x
2166;124;123;121;x;x
2167;161;106;64;x;x
2168;109;116;199;x;x
2169;215;168;160;x;x
2170;48;143;109;x;x
2171;255;198;52;x;x
2172;215;9;37;x;x
2173;16;174;199;x;x
2174;50;26;161;x;x
2175;3;255;67;x;x
2176;119;175;245;x;x
2177;227;46;167;x;x
2178;136;231;219;x;x
2179;18;230;214;x;x
2180;215;139;144;x;x
2181;212;132;169;x;x
2182;175;251;143;x;x
2183;199;37;209;x;x
2184;156;211;169;x;x
2185;37;158;98;x;x
2186;226;7;60;x;x
2187;26;174;117;x;x
2188;245;160;29;x;x
2189;103;158;64;x;x
2190;65;59;23;x;x
2191;97;254;102;x;x
2192;164;23;237;x;x
2193;252;253;192;x;x
2194;223;207;253;x;x
2195;66;226;91;x;x
2196;242;230;251;x;x
2197;204;252;4;x;x
2198;69;50;90;x;x
2199;86;202;121;x;x
2200;136;92;48;x;x
2201;60;149;170;x;x
2202;85;71;236;x;x
2203;58;3;88;x;x
2204;62;130;19;x;x
2205;88;213;39;x;x
2206;251;250;44;x;x
2207;134;212;176;x;x
2208;29;162;81;x;x
2209;238;205;125;x;x
2210;3;18;0;x;x
2211;181;112;199;x;x
2212;223;167;248;x;x
2213;130;206;218;x;x
2214;85;42;116;x;x
2215;249;249;218;x;x
2216;28;222;248;x;x
2217;81;192;186;x;x
2218;10;139;11;x;x
2219;87;67;178;x;x
2220;251;56;36;x;x
2221;16;9;30;x;x
2222;135;12;1;x;x
2223;14;191;67;x;x
2224;37;45;200;x;x
2225;41;197;195;x;x
2226;108;41;126;x;x
2227;235;7;39;x;x
2228;7;4;76;x;x
2229;193;229;38;x;x
2230;27;237;117;x;x
2231;246;47;78;x;x
2232;50;99;58;x;x
2233;17;52;166;x;x
2234;171;108;132;x;x
2235;240;104;142;x;x
2236;17;12;195;x;x
2237;168;201;190;x;x
2238;114;184;102;x;x
2239;110;135;99;x;x
2240;91;94;168;x;x
2241;70;7;209;x;x
2242;211;175;34;x;x
2243;195;2;48;x;x
2244;73;144;247;x;x
2245;164;218;216;x;x
2246;117;212;220;x;x
2247;141;14;101;x;x
2248;216;253;110;x;x
2249;173;127;151;x;x
2250;188;254;87;x;x
2251;107;231;131;x;x
2252;247;100;68;x;x
2253;145;25;32;x;x
2254;78;162;161;x;x
2255;168;107;48;x;x
2256;13;55;108;x;x
2257;58;164;118;x;x
2258;254;154;184;x;x
2259;253;162;33;x;x
2260;160;20;182;x;x
2261;189;225;59;x;x
2262;231;150;68;x;x
2263;155;142;150;x;x
2264;205;99;36;x;x
2265;9;121;109;x;x
2266;98;22;194;x;x
2267;20;206;149;x;x
2268;43;1;50;x;x
2269;9;167;181;x;x
2270;212;185;172;x;x
2271;230;248;237;x;x
2272;91;149;13;x;x
2273;15;112;125;x;x
2274;78;109;158;x;x
2275;106;84;0;x;x
2276;127;88;209;x;x
2277;63;29;236;x;x
2278;54;150;146;x;x
2279;18;180;86;x;x
2280;202;21;234;x;x
2281;154;128;50;x;x
2282;57;243;56;x;x
2283;35;4;210;x;x
2284;222;247;118;x;x
2285;74;33;173;x;x
2286;40;87;46;x;x
2287;99;181;145;x;x
2288;193;114;207;x;x
2289;51;246;214;x;x
2290;85;215;204;x;x
2291;160;165;89;x;x
2292;103;27;227;x;x
2293;18;108;187;x;x
2294;173;11;53;x;x
2295;66;34;252;x;x
2296;59;112;130;x;x
2297;45;182;162;x;x
2298;141;43;126;x;x
2299;227;58;219;x;x
2300;37;23;159;x;x
2301;33;92;66;x;x
2302;235;56;53;x;x
2303;57;130;146;x;x
2304;179;25;115;x;x
2305;252;89;57;x;x
2306;162;138;201;x;x
2307;229;116;219;x;x
2308;97;12;211;x;x
2309;93;169;100;x;x
2310;42;182;78;x;x
2311;230;41;44;x;x
2312;231;54;21;x;x
2313;126;12;139;x;x
2314;123;219;174;x;x
2315;219;30;233;x;x
2316;115;42;243;x;x
2317;4;228;189;x;x
2318;117;73;43;x;x
2319;180;216;32;x;x
2320;35;28;7;x;x
2321;152;35;34;x;x
2322;205;147;63;x;x
2323;214;144;29;x;x
2324;59;174;172;x;x
2325;240;63;136;x;x
2326;25;116;12;x;x
2327;181;105;254;x;x
2328;173;1;217;x;x
2329;181;73;237;x;x
2330;214;70;137;x;x
2331;252;64;34;x;x
2332;82;2;21;x;x
2333;155;156;186;x;x
2334;89;203;94;x;x
2335;114;240;74;x;x
2336;89;252;155;x;x
2337;231;130;193;x;x
2338;27;41;223;x;x
2339;170;184;239;x;x
2340;253;159;155;x;x
2341;207;117;110;x;x
2342;185;220;125;x;x
2343;223;229;172;x;x
2344;219;222;3;x;x
2345;52;206;49;x;x
2346;183;201;96;x;x
2347;77;151;48;x;x
2348;5;197;95;x;x
2349;253;66;149;x;x
2350;62;41;105;x;x
2351;135;187;81;x;x
2352;116;78;204;x;x
2353;105;234;153;x;x
2354;12;188;38;x;x
2355;226;111;23;x;x
2356;127;81;180;x;x
2357;244;172;56;x;x
2358;250;159;69;x;x
2359;39;155;163;x;x
2360;107;69;79;x;x
2361;122;63;241;x;x
2362;219;12;183;x;x
2363;69;37;220;x;x
2364;100;200;98;x;x
2365;121;50;245;x;x
2366;90;112;100;x;x
2367;115;206;69;x;x
2368;59;217;187;x;x
2369;145;105;113;x;x
2370;85;138;202;x;x
2371;134;86;189;x;x
2372;3;228;183;x;x
2373;198;94;100;x;x
2374;242;201;27;x;x
2375;251;44;158;x;x
2376;23;255;156;x;x
2377;32;241;13;x;x
2378;136;108;70;x;x
2379;157;102;231;x;x
2380;87;115;159;x;x
2381;123;53;252;x;x
2382;24;35;119;x;x
2383;169;251;119;x;x
2384;188;252;84;x;x
2385;147;21;151;x;x
2386;23;2;102;x;x
2387;180;153;154;x;x
2388;180;3;214;x;x
2389;51;108;181;x;x
2390;223;107;201;x;x
2391;252;192;7;x;x
2392;43;46;196;x;x
2393;88;253;199;x;x
2394;202;181;212;x;x
2395;161;16;161;x;x
2396;170;72;172;x;x
2397;111;160;106;x;x
2398;67;190;51;x;x
2399;15;101;92;x;x
2400;209;4;179;x;x
2401;105;135;231;x;x
2402;226;120;47;x;x
2403;211;185;185;x;x
2404;184;213;209;x;x
2405;13;149;251;x;x
2406;248;202;215;x;x
2407;181;146;127;x;x
2408;35;124;46;x;x
2409;116;1;118;x;x
2410;76;39;229;x;x
2411;252;170;220;x;x
2412;180;220;65;x;x
2413;166;209;127;x;x
2414;29;92;159;x;x
2415;32;74;187;x;x
2416;67;63;251;x;x
2417;138;70;3;x;x
2418;34;221;168;x;x
2419;173;159;229;x;x
2420;153;251;131;x;x
2421;151;8;25;x;x
2422;149;207;188;x;x
2423;166;3;250;x;x
2424;64;193;88;x;x
2425;35;250;110;x;x
2426;197;173;167;x;x
2427;148;22;123;x;x
2428;255;212;151;x;x
2429;70;95;21;x;x
2430;237;244;129;x;x
2431;161;168;218;x;x
2432;94;204;64;x;x
2433;121;152;136;x;x
2434;178;183;86;x;x
2435;116;32;100;x;x
2436;194;64;46;x;x
2437;35;60;102;x;x
2438;175;78;122;x;x
2439;176;227;97;x;x
2440;159;145;128;x;x
2441;112;232;49;x;x
2442;26;140;18;x;x
2443;29;197;176;x;x
2444;151;64;160;x;x
2445;175;227;76;x;x
2446;87;99;227;x;x
2447;164;214;129;x;x
2448;182;247;73;x;x
2449;39;62;139;x;x
2450;254;17;109;x;x
2451;5;221;199;x;x
2452;181;211;106;x;x
2453;155;211;76;x;x
2454;222;27;250;x;x
2455;104;97;131;x;x
2456;174;111;69;x;x
2457;46;18;137;x;x
2458;127;141;216;x;x
2459;119;28;73;x;x
2460;78;213;167;x;x
2461;241;30;47;x;x
2462;83;19;140;x;x
2463;212;9;144;x;x
2464;89;53;225;x;x
2465;15;84;120;x;x
2466;188;41;60;x;x
2467;4;13;143;x;x
2468;133;217;88;x;x
2469;142;10;19;x;x
2470;130;248;1;x;x
2471;92;253;164;x;x
2472;34;203;172;x;x
2473;228;213;240;x;x
2474;239;239;15;x;x
2475;34;77;245;x;x
2476;233;129;71;x;x
2477;220;194;67;x;x
2478;38;36;81;x;x
2479;73;237;251;x;x
2480;63;33;200;x;x
2481;61;12;120;x;x
2482;30;90;255;x;x
2483;136;187;145;x;x
2484;85;125;71;x;x
2485;119;95;252;x;x
2486;120;210;237;x;x
2487;243;225;91;x;x
2488;101;212;170;x;x
2489;12;67;34;x;x
2490;215;254;199;x;x
2491;175;165;113;x;x
2492;238;200;8;x;x
2493;51;105;127;x;x
2494;146;243;232;x;x
2495;249;193;123;x;x
2496;48;105;89;x;x
2497;14;180;213;x;x
2498;35;162;10;x;x
2499;209;94;77;x;x
2500;153;101;194;x;x
2501;253;40;87;x;x
2502;253;43;126;x;x
2503;149;160;123;x;x
2504;100;222;249;x;x
2505;85;251;89;x;x
2506;252;227;175;x;x
2507;205;211;46;x;x
2508;165;117;106;x;x
2509;209;98;41;x;x
2510;113;34;88;x;x
2511;187;118;248;x;x
2512;154;185;233;x;x
2513;165;242;33;x;x
2514;237;68;41;x;x
2515;57;255;112;x;x
2516;66;150;113;x;x
2517;231;246;254;x;x
2518;251;7;105;x;x
2519;108;174;61;x;x
2520;26;105;20;x;x
2521;4;34;147;x;x
2522;193;61;41;x;x
2523;159;255;119;x;x
2524;223;155;79;x;x
2525;159;86;7;x;x
2526;147;38;191;x;x
2527;18;174;11;x;x
2528;28;84;221;x;x
2529;174;12;129;x;x
2530;80;49;117;x;x
2531;156;126;134;x;x
2532;89;191;11;x;x
2533;117;221;60;x;x
2534;48;164;157;x;x
2535;74;180;115;x;x
2536;247;121;63;x;x
2537;30;237;30;x;x
2538;174;188;41;x;x
2539;214;116;81;x;x
2540;77;158;255;x;x
2541;46;150;6;x;x
2542;143;236;11;x;x
2543;172;66;5;x;x
2544;20;216;29;x;x
2545;246;6;181;x;x
2546;64;150;208;x;x
2547;59;153;223;x;x
2548;32;65;44;x;x
2549;235;123;45;x;x
2550;146;169;235;x;x
2551;15;177;24;x;x
2552;74;100;62;x;x
2553;150;166;251;x;x
2554;49;34;125;x;x
2555;152;1;49;x;x
2556;191;211;239;x;x
2557;172;213;117;x;x
2558;89;7;251;x;x
2559;82;143;85;x;x
2560;180;59;43;x;x
2561;221;43;142;x;x
2562;34;183;170;x;x
2563;186;226;98;x;x
2564;121;14;84;x;x
2565;188;96;45;x;x
2566;117;84;42;x;x
2567;116;134;66;x;x
2568;136;45;169;x;x
2569;159;178;88;x;x
2570;54;175;82;x;x
2571;107;57;242;x;x
2572;116;79;238;x;x
2573;47;50;26;x;x
2574;16;56;57;x;x
2575;185;83;221;x;x
2576;148;215;99;x;x
2577;121;221;154;x;x
2578;115;66;243;x;x
2579;233;42;164;x;x
2580;60;166;0;x;x
2581;220;223;18;x;x
2582;247;1;240;x;x
2583;115;18;82;x;x
2584;79;112;8;x;x
2585;68;114;201;x;x
2586;120;92;170;x;x
2587;203;47;69;x;x
2588;25;22;201;x;x
2589;133;220;202;x;x
2590;109;243;7;x;x
2591;77;203;151;x;x
2592;59;224;71;x;x
2593;227;67;182;x;x
2594;0;57;8;x;x
2595;221;189;24;x;x
2596;60;39;62;x;x
2597;115;152;190;x;x
2598;187;4;23;x;x
2599;165;17;52;x;x
2600;249;177;4;x;x
2601;223;128;211;x;x
2602;125;252;148;x;x
2603;238;25;143;x;x
2604;104;2;187;x;x
2605;72;235;16;x;x
2606;23;205;90;x;x
2607;33;210;2;x;x
2608;174;243;198;x;x
2609;1;183;125;x;x
2610;198;250;64;x;x
2611;148;93;101;x;x
2612;113;33;76;x;x
2613;110;73;210;x;x
2614;207;146;166;x;x
2615;46;3;12;x;x
2616;65;212;59;x;x
2617;130;63;206;x;x
2618;6;92;147;x;x
2619;136;68;166;x;x
2620;131;105;141;x;x
2621;57;196;127;x;x
2622;215;220;33;x;x
2623;151;99;145;x;x
2624;216;150;78;x;x
2625;164;235;102;x;x
2626;129;225;216;x;x
2627;81;34;151;x;x
2628;96;243;78;x;x
2629;82;58;248;x;x
2630;58;90;237;x;x
2631;247;98;193;x;x
2632;169;23;42;x;x
2633;208;50;112;x;x
2634;161;77;215;x;x
2635;171;191;76;x;x
2636;134;188;233;x;x
2637;115;213;212;x;x
2638;135;103;40;x;x
2639;113;152;120;x;x
2640;210;68;187;x;x
2641;73;107;159;x;x
2642;246;166;228;x;x
2643;50;22;172;x;x
2644;87;195;55;x;x
2645;104;156;139;x;x
2646;145;178;179;x;x
2647;228;162;214;x;x
2648;108;174;223;x;x
2649;93;115;151;x;x
2650;239;57;131;x;x
2651;101;209;216;x;x
2652;46;57;144;x;x
2653;6;159;230;x;x
2654;67;212;233;x;x
2655;36;254;133;x;x
2656;31;41;187;x;x
2657;92;192;36;x;x
2658;208;17;1;x;x
2659;106;136;65;x;x
2660;149;32;163;x;x
2661;222;147;245;x;x
2662;39;154;194;x;x
2663;150;237;79;x;x
2664;50;64;89;x;x
2665;9;214;133;x;x
2666;114;50;213;x;x
2667;4;133;228;x;x
2668;26;140;142;x;x
2669;224;163;47;x;x
2670;213;0;69;x;x
2671;205;45;148;x;x
2672;2;219;203;x;x
2673;230;224;75;x;x
2674;25;158;63;x;x
2675;166;81;237;x;x
2676;216;138;155;x;x
2677;1;123;100;x;x
2678;213;55;93;x;x
2679;241;85;87;x;x
2680;205;161;156;x;x
2681;12;91;96;x;x
2682;170;65;216;x;x
2683;141;137;5;x;x
2684;178;104;139;x;x
2685;199;209;83;x;x
2686;156;210;176;x;x
2687;228;40;239;x;x
2688;47;85;20;x;x
2689;79;47;50;x;x
2690;158;197;13;x;x
2691;7;151;21;x;x
2692;207;137;55;x;x
2693;230;225;245;x;x
2694;147;112;131;x;x
2695;106;160;198;x;x
2696;197;108;56;x;x
2697;156;67;138;x;x
2698;156;75;212;x;x
2699;229;155;57;x;x
2700;18;129;4;x;x
2701;89;247;241;x;x
2702;237;253;173;x;x
2703;57;10;134;x;x
2704;179;174;146;x;x
2705;61;124;153;x;x
2706;14;49;6;x;x
2707;230;27;114;x;x
2708;196;46;121;x;x
2709;68;224;112;x;x
2710;33;226;194;x;x
2711;82;99;40;x;x
2712;84;35;50;x;x
2713;6;124;172;x;x
2714;206;217;5;x;x
2715;105;110;72;x;x
2716;47;101;251;x;x
2717;15;188;217;x;x
2718;200;109;135;x;x
2719;174;12;216;x;x
2720;63;63;242;x;x
2721;127;172;64;x;x
2722;209;83;234;x;x
2723;195;134;147;x;x
2724;168;121;32;x;x
2725;249;202;38;x;x
2726;47;255;67;x;x
2727;232;12;245;x;x
2728;94;19;119;x;x
2729;145;22;218;x;x
2730;122;189;96;x;x
2731;9;234;112;x;x
2732;5;226;229;x;x
2733;146;105;131;x;x
2734;25;248;148;x;x
2735;75;55;107;x;x
2736;110;76;217;x;x
2737;60;196;98;x;x
2738;234;57;246;x;x
2739;26;154;178;x;x
2740;146;16;190;x;x
2741;46;30;217;x;x
2742;76;0;96;x;x
2743;20;162;105;x;x
2744;249;8;188;x;x
2745;70;109;21;x;x
2746;149;28;182;x;x
2747;68;211;32;x;x
2748;196;248;47;x;x
2749;223;68;241;x;x
2750;66;180;39;x;x
2751;100;182;135;x;x
2752;176;40;41;x;x
2753;206;203;160;x;x
2754;230;17;181;x;x
2755;204;190;47;x;x
2756;66;133;217;x;x
2757;73;48;175;x;x
2758;205;141;142;x;x
2759;45;52;56;x;x
2760;159;217;77;x;x
2761;10;33;26;x;x
2762;173;197;181;x;x
2763;244;141;239;x;x
2764;59;45;181;x;x
2765;30;121;20;x;x
2766;228;139;11;x;x
2767;24;135;170;x;x
2768;209;48;157;x;x
2769;210;138;251;x;x
2770;155;184;12;x;x
2771;150;87;119;x;x
2772;194;248;172;x;x
2773;52;170;234;x;x
2774;125;16;210;x;x
2775;223;86;53;x;x
2776;204;229;244;x;x
2777;182;20;6;x;x
2778;222;64;151;x;x
2779;182;237;82;x;x
2780;40;210;78;x;x
2781;143;4;110;x;x
2782;15;227;90;x;x
2783;80;17;220;x;x
2784;52;91;3;x;x
2785;30;32;226;x;x
2786;238;141;249;x;x
2787;200;74;64;x;x
2788;98;91;76;x;x
2789;123;81;247;x;x
2790;255;95;211;x;x
2791;81;191;184;x;x
2792;20;252;81;x;x
2793;124;28;107;x;x
2794;114;151;143;x;x
2795;139;157;35;x;x
2796;210;204;119;x;x
2797;99;6;251;x;x
2798;21;197;225;x;x
2799;197;222;186;x;x
2800;237;70;110;x;x
2801;80;160;72;x;x
2802;177;96;81;x;x
2803;33;240;253;x;x
2804;141;116;43;x;x
2805;240;38;65;x;x
2806;175;116;142;x;x
2807;157;223;98;x;x
2808;185;105;113;x;x
2809;107;97;1;x;x
2810;61;69;207;x;x
2811;128;202;226;x;x
2812;59;233;15;x;x
2813;48;76;255;x;x
2814;184;123;178;x;x
2815;130;75;171;x;x
2816;235;233;54;x;x
2817;173;217;17;x;x
2818;15;36;73;x;x
2819;171;197;47;x;x
2820;135;50;84;x;x
2821;59;119;85;x;x
2822;122;140;71;x;x
2823;13;41;138;x;x
2824;178;203;240;x;x
2825;49;93;241;x;x
2826;193;137;155;x;x
2827;20;76;229;x;x
2828;239;76;218;x;x
2829;154;95;27;x;x
2830;72;139;14;x;x
2831;36;196;234;x;x
2832;98;80;124;x;x
2833;51;69;77;x;x
2834;159;122;76;x;x
2835;140;105;173;x;x
2836;18;125;137;x;x
2837;222;78;145;x;x
2838;78;68;127;x;x
2839;67;71;17;x;x
2840;126;94;106;x;x
2841;251;173;115;x;x
2842;175;73;174;x;x
2843;115;168;9;x;x
2844;77;97;112;x;x
2845;193;13;210;x;x
2846;104;91;200;x;x
2847;125;109;170;x;x
2848;108;49;117;x;x
2849;165;47;240;x;x
2850;48;20;102;x;x
2851;31;5;213;x;x
2852;197;239;26;x;x
2853;101;86;48;x;x
2854;253;67;145;x;x
2855;100;4;153;x;x
2856;230;213;233;x;x
2857;8;201;16;x;x
2858;96;65;75;x;x
2859;10;105;95;x;x
2860;41;37;213;x;x
2861;125;90;59;x;x
2862;234;174;61;x;x
2863;216;50;4;x;x
2864;176;251;116;x;x
2865;187;215;229;x;x
2866;24;75;73;x;x
2867;176;88;182;x;x
2868;142;74;14;x;x
2869;70;83;148;x;x
2870;79;116;49;x;x
2871;9;36;59;x;x
2872;162;48;90;x;x
2873;210;109;220;x;x
2874;194;99;18;x;x
2875;242;127;194;x;x
2876;102;33;145;x;x
2877;82;223;102;x;x
2878;215;58;192;x;x
2879;191;121;75;x;x
2880;86;173;168;x;x
2881;246;190;133;x;x
2882;218;118;2;x;x
2883;110;235;185;x;x
2884;254;64;184;x;x
2885;70;37;141;x;x
2886;163;2;38;x;x
2887;30;105;49;x;x
2888;148;210;87;x;x
2889;115;250;82;x;x
2890;222;43;175;x;x
2891;19;159;118;x;x
2892;161;216;195;x;x
2893;58;78;251;x;x
2894;180;102;185;x;x
2895;69;37;150;x;x
2896;43;172;227;x;x
2897;186;84;128;x;x
2898;71;51;230;x;x
2899;61;230;66;x;x
2900;85;133;209;x;x
2901;87;64;226;x;x
2902;196;245;115;x;x
2903;197;78;58;x;x
2904;61;250;248;x;x
2905;41;136;92;x;x
2906;225;0;48;x;x
2907;41;200;109;x;x
2908;192;249;174;x;x
2909;247;84;103;x;x
2910;190;174;148;x;x
2911;88;76;249;x;x
2912;143;243;194;x;x
2913;157;38;10;x;x
2914;73;182;54;x;x
2915;29;177;245;x;x
2916;89;83;39;x;x
2917;214;67;41;x;x
2918;173;36;149;x;x
2919;163;145;118;x;x
2920;155;29;116;x;x
2921;123;79;140;x;x
2922;87;88;191;x;x
2923;92;165;198;x;x
2924;23;193;215;x;x
2925;111;143;138;x;x
2926;101;103;109;x;x
2927;7;53;231;x;x
2928;228;94;228;x;x
2929;58;137;136;x;x
2930;186;105;216;x;x
2931;192;251;32;x;x
2932;78;181;249;x;x
2933;6;84;91;x;x
2934;132;175;221;x;x
2935;118;57;79;x;x
2936;56;221;75;x;x
2937;208;174;237;x;x
2938;160;159;39;x;x
2939;117;105;68;x;x
2940;112;211;50;x;x
2941;142;49;26;x;x
2942;109;136;149;x;x
2943;244;212;49;x;x
2944;7;178;202;x;x
2945;21;126;91;x;x
2946;141;188;38;x;x
2947;112;166;226;x;x
2948;188;216;227;x;x
2949;37;219;134;x;x
2950;77;141;229;x;x
2951;107;146;217;x;x
2952;70;110;177;x;x
2953;215;29;33;x;x
2954;227;202;85;x;x
2955;151;235;4;x;x
2956;80;215;21;x;x
2957;99;139;119;x;x
2958;192;143;85;x;x
2959;40;17;6;x;x
2960;86;101;63;x;x
2961;15;138;18;x;x
2962;0;94;76;x;x
2963;161;206;212;x;x
2964;49;177;58;x;x
2965;108;152;40;x;x
2966;28;238;129;x;x
2967;111;194;191;x;x
2968;9;9;90;x;x
2969;44;196;221;x;x
2970;146;108;80;x;x
2971;106;172;146;x;x
2972;29;46;103;x;x
2973;228;196;194;x;x
2974;245;85;190;x;x
2975;171;175;13;x;x
2976;44;148;227;x;x
2977;177;180;220;x;x
2978;87;169;250;x;x
2979;125;133;60;x;x
2980;191;36;247;x;x
2981;204;167;161;x;x
2982;223;102;200;x;x
2983;58;27;39;x;x
2984;141;246;214;x;x
2985;213;183;238;x;x
2986;57;30;159;x;x
2987;5;49;24;x;x
2988;222;143;88;x;x
2989;111;91;89;x;x
2990;232;123;63;x;x
2991;109;172;143;x;x
2992;254;5;134;x;x
2993;136;165;98;x;x
2994;64;50;124;x;x
2995;24;253;172;x;x
2996;58;87;2;x;x
2997;246;6;224;x;x
2998;211;57;179;x;x
2999;162;121;7;x;x
3000;50;49;249;x;x
3001;80;12;107;x;x
3002;121;181;187;x;x
3003;82;29;185;x;x
3004;107;153;178;x;x
3005;62;2;191;x;x
3006;87;128;29;x;x
3007;138;137;117;x;x
3008;63;80;124;x;x
3009;201;120;252;x;x
3010;158;20;189;x;x
3011;43;215;200;x;x
3012;202;75;153;x;x
3013;251;183;44;x;x
3014;220;154;167;x;x
3015;14;246;32;x;x
3016;232;173;245;x;x
3017;110;20;148;x;x
3018;7;208;247;x;x
3019;135;201;209;x;x
3020;116;3;39;x;x
3021;107;220;193;x;x
3022;226;53;206;x;x
3023;102;57;188;x;x
3024;168;182;83;x;x
3025;26;106;36;x;x
3026;205;36;150;x;x
3027;108;30;162;x;x
3028;228;34;41;x;x
3029;223;220;77;x;x
3030;26;147;166;x;x
3031;112;21;236;x;x
3032;207;162;195;x;x
3033;230;192;112;x;x
3034;237;155;120;x;x
3035;88;118;91;x;x
3036;14;18;66;x;x
3037;221;225;138;x;x
3038;139;55;2;x;x
3039;67;246;107;x;x
3040;128;38;73;x;x
3041;103;36;203;x;x
3042;15;66;83;x;x
3043;22;135;157;x;x
3044;208;242;77;x;x
3045;101;137;106;x;x
3046;7;115;226;x;x
3047;196;7;204;x;x
3048;98;110;202;x;x
3049;212;233;129;x;x
3050;206;207;194;x;x
3051;103;136;40;x;x
3052;226;156;48;x;x
3053;217;4;60;x;x
3054;45;153;51;x;x
3055;232;69;133;x;x
3056;16;74;96;x;x
3057;166;90;74;x;x
3058;164;93;148;x;x
3059;115;254;170;x;x
3060;69;193;3;x;x
3061;208;154;194;x;x
3062;35;13;244;x;x
3063;0;65;58;x;x
3064;228;199;60;x;x
3065;5;40;67;x;x
3066;219;166;10;x;x
3067;207;25;66;x;x
3068;104;197;136;x;x
3069;143;79;177;x;x
3070;190;64;131;x;x
3071;153;86;241;x;x
3072;215;65;112;x;x
3073;35;19;108;x;x
3074;42;139;126;x;x
3075;75;22;78;x;x
3076;20;196;59;x;x
3077;5;151;92;x;x
3078;83;252;7;x;x
3079;105;22;223;x;x
3080;0;91;48;x;x
3081;239;217;215;x;x
3082;218;100;155;x;x
3083;194;70;248;x;x
3084;6;97;180;x;x
3085;125;241;134;x;x
3086;114;152;26;x;x
3087;22;197;219;x;x
3088;17;162;48;x;x
3089;101;52;225;x;x
3090;30;36;16;x;x
3091;179;119;33;x;x
3092;204;42;73;x;x
3093;138;38;206;x;x
3094;248;201;76;x;x
3095;164;96;220;x;x
3096;170;245;133;x;x
3097;184;173;192;x;x
3098;101;119;18;x;x
3099;145;1;162;x;x
3100;95;6;129;x;x
3101;210;93;96;x;x
3102;83;13;37;x;x
3103;229;171;143;x;x
3104;102;2;93;x;x
3105;128;191;108;x;x
3106;175;62;106;x;x
3107;194;147;169;x;x
3108;102;30;170;x;x
3109;120;154;98;x;x
3110;7;72;244;x;x
3111;91;41;139;x;x
3112;236;13;238;x;x
3113;251;202;114;x;x
3114;206;148;200;x;x
3115;43;78;50;x;x
3116;20;79;216;x;x
3117;168;123;224;x;x
3118;117;156;229;x;x
3119;240;2;104;x;x
3120;232;245;181;x;x
3121;202;120;87;x;x
3122;145;50;104;x;x
3123;198;116;54;x;x
3124;177;147;210;x;x
3125;5;145;130;x;x
3126;149;71;27;x;x
3127;97;17;221;x;x
3128;37;75;190;x;x
3129;191;252;65;x;x
3130;86;74;75;x;x
3131;204;162;0;x;x
3132;213;251;148;x;x
3133;139;164;196;x;x
3134;217;95;183;x;x
3135;146;185;14;x;x
3136;65;228;150;x;x
3137;54;240;213;x;x
3138;32;42;71;x;x
3139;93;150;201;x;x
3140;73;12;237;x;x
3141;82;125;231;x;x
3142;83;15;112;x;x
3143;245;104;142;x;x
3144;202;97;69;x;x
3145;230;41;36;x;x
3146;87;33;10;x;x
3147;55;49;94;x;x
3148;113;131;92;x;x
3149;200;160;18;x;x
3150;11;180;134;x;x
3151;62;234;129;x;x
3152;201;122;89;x;x
3153;28;17;33;x;x
3154;238;76;51;x;x
3155;116;170;119;x;x
3156;217;135;19;x;x
3157;209;249;105;x;x
3158;187;237;55;x;x
3159;175;18;64;x;x
3160;198;139;135;x;x
3161;127;127;250;x;x
3162;163;149;227;x;x
3163;175;157;71;x;x
3164;179;169;233;x;x
3165;228;20;190;x;x
3166;7;115;165;x;x
3167;143;186;58;x;x
3168;228;62;114;x;x
3169;94;76;169;x;x
3170;172;13;43;x;x
3171;234;79;199;x;x
3172;72;32;142;x;x
3173;143;93;214;x;x
3174;74;212;93;x;x
3175;191;13;136;x;x
3176;239;138;175;x;x
3177;210;87;65;x;x
3178;62;163;21;x;x
3179;17;36;252;x;x
3180;235;91;86;x;x
3181;155;183;192;x;x
3182;87;200;21;x;x
3183;54;123;145;x;x
3184;112;6;13;x;x
3185;115;203;91;x;x
3186;223;148;9;x;x
3187;88;136;95;x;x
3188;157;94;182;x;x
3189;250;198;42;x;x
3190;206;198;4;x;x
3191;234;207;98;x;x
3192;161;8;217;x;x
3193;70;187;115;x;x
3194;93;162;173;x;x
3195;161;11;34;x;x
3196;162;36;61;x;x
3197;221;197;25;x;x
3198;23;247;231;x;x
3199;184;8;158;x;x
3200;29;195;107;x;x
3201;95;212;209;x;x
3202;217;152;86;x;x
3203;109;153;33;x;x
3204;221;85;155;x;x
3205;178;231;33;x;x
3206;15;244;4;x;x
3207;20;21;26;x;x
3208;207;70;49;x;x
3209;13;99;207;x;x
3210;173;250;132;x;x
3211;213;130;17;x;x
3212;124;83;169;x;x
3213;234;201;74;x;x
3214;20;29;53;x;x
3215;169;174;7;x;x
3216;196;138;154;x;x
3217;130;23;44;x;x
3218;223;66;57;x;x
3219;87;111;236;x;x
3220;78;215;50;x;x
3221;169;13;202;x;x
3222;91;18;15;x;x
3223;92;13;151;x;x
3224;76;111;210;x;x
3225;247;39;111;x;x
3226;31;194;206;x;x
3227;149;142;124;x;x
3228;67;194;174;x;x
3229;120;159;19;x;x
3230;177;81;47;x;x
3231;210;152;174;x;x
3232;39;230;61;x;x
3233;100;141;2;x;x
3234;128;136;151;x;x
3235;151;136;62;x;x
3236;150;27;14;x;x
3237;2;24;27;x;x
3238;233;83;81;x;x
3239;60;205;43;x;x
3240;103;98;194;x;x
3241;133;237;3;x;x
3242;120;62;86;x;x
3243;141;168;25;x;x
3244;40;89;203;x;x
3245;236;70;21;x;x
3246;98;181;11;x;x
3247;123;66;83;x;x
3248;39;125;18;x;x
3249;253;135;11;x;x
3250;134;105;203;x;x
3251;147;180;34;x;x
3252;69;165;207;x;x
3253;84;135;193;x;x
3254;44;187;78;x;x
3255;68;108;144;x;x
3256;199;214;228;x;x
3257;189;228;57;x;x
3258;208;18;222;x;x
3259;203;106;51;x;x
3260;109;146;201;x;x
3261;19;8;158;x;x
3262;191;242;139;x;x
3263;116;166;160;x;x
3264;46;210;152;x;x
3265;179;174;250;x;x
3266;190;184;35;x;x
3267;34;31;135;x;x
3268;223;218;64;x;x
3269;249;196;30;x;x
3270;7;255;173;x;x
3271;190;177;197;x;x
3272;33;173;154;x;x
3273;216;252;214;x;x
3274;34;15;223;x;x
3275;25;75;166;x;x
3276;102;17;10;x;x
3277;98;92;112;x;x
3278;254;88;167;x;x
3279;20;59;17;x;x
3280;49;134;117;x;x
3281;227;255;224;x;x
3282;189;225;21;x;x
3283;171;204;89;x;x
3284;242;40;134;x;x
3285;19;164;12;x;x
3286;90;55;115;x;x
3287;125;53;20;x;x
3288;157;133;5;x;x
3289;247;64;121;x;x
3290;144;101;248;x;x
3291;205;145;105;x;x
3292;83;152;213;x;x
3293;177;208;211;x;x
3294;33;75;85;x;x
3295;158;47;199;x;x
3296;82;249;167;x;x
3297;213;5;237;x;x
3298;43;41;135;x;x
3299;106;130;27;x;x
3300;39;163;159;x;x
3301;65;110;247;x;x
3302;82;62;243;x;x
3303;186;199;223;x;x
3304;27;219;62;x;x
3305;145;197;61;x;x
3306;63;251;181;x;x
3307;131;184;50;x;x
3308;121;249;170;x;x
3309;45;212;83;x;x
3310;78;189;206;x;x
3311;206;248;68;x;x
3312;67;90;217;x;x
3313;230;36;219;x;x
3314;228;119;163;x;x
3315;114;72;120;x;x
3316;22;156;10;x;x
3317;125;185;80;x;x
3318;18;109;132;x;x
3319;0;172;215;x;x
3320;37;75;97;x;x
3321;249;131;229;x;x
3322;186;174;22;x;x
3323;170;185;229;x;x
3324;222;247;113;x;x
3325;86;180;166;x;x
3326;110;154;208;x;x
3327;164;249;55;x;x
3328;46;50;227;x;x
3329;60;178;173;x;x
3330;29;31;3;x;x
3331;87;246;232;x;x
3332;140;27;39;x;x
3333;185;174;181;x;x
3334;25;184;73;x;x
3335;188;177;249;x;x
3336;162;162;74;x;x
3337;29;14;152;x;x
3338;190;133;156;x;x
3339;20;65;16;x;x
3340;52;32;105;x;x
3341;137;162;173;x;x
3342;31;176;124;x;x
3343;244;49;211;x;x
3344;78;182;69;x;x
3345;131;147;128;x;x
3346;243;39;169;x;x
3347;132;18;196;x;x
3348;164;92;146;x;x
3349;109;101;161;x;x
3350;195;160;162;x;x
3351;220;127;191;x;x
3352;20;172;107;x;x
3353;242;10;73;x;x
3354;228;198;185;x;x
3355;137;57;244;x;x
3356;69;251;74;x;x
3357;50;14;235;x;x
3358;232;15;51;x;x
3359;13;132;133;x;x
3360;5;217;82;x;x
3361;94;197;125;x;x
3362;180;129;8;x;x
3363;137;255;180;x;x
3364;159;124;229;x;x
3365;149;149;211;x;x
3366;146;7;115;x;x
3367;186;142;117;x;x
3368;190;154;108;x;x
3369;244;179;143;x;x
3370;36;38;250;x;x
3371;225;46;250;x;x
3372;254;125;77;x;x
3373;125;15;19;x;x
3374;193;62;170;x;x
3375;87;216;58;x;x
3376;68;99;25;x;x
3377;21;177;30;x;x
3378;29;93;87;x;x
3379;240;120;184;x;x
3380;57;28;26;x;x
3381;46;217;217;x;x
3382;182;119;94;x;x
3383;14;202;43;x;x
3384;213;241;235;x;x
3385;171;77;87;x;x
3386;21;175;197;x;x
3387;135;220;144;x;x
3388;160;150;188;x;x
3389;183;120;64;x;x
3390;36;115;243;x;x
3391;131;166;141;x;x
3392;98;141;60;x;x
3393;108;244;41;x;x
3394;153;26;202;x;x
3395;168;82;250;x;x
3396;236;110;89;x;x
3397;112;66;140;x;x
3398;204;221;131;x;x
3399;118;223;4;x;x
3400;172;115;189;x;x
3401;248;12;48;x;x
3402;24;163;34;x;x
3403;170;183;252;x;x
3404;79;48;12;x;x
3405;56;247;195;x;x
3406;21;177;47;x;x
3407;229;243;174;x;x
3408;137;175;202;x;x
3409;219;61;24;x;x
3410;201;14;131;x;x
3411;57;116;111;x;x
3412;249;20;245;x;x
3413;111;168;110;x;x
3414;207;193;120;x;x
3415;90;119;23;x;x
3416;96;190;54;x;x
3417;207;152;248;x;x
3418;217;125;236;x;x
3419;244;202;175;x;x
3420;218;13;132;x;x
3421;167;140;149;x;x
3422;78;195;42;x;x
3423;190;224;235;x;x
3424;101;192;46;x;x
3425;152;147;15;x;x
3426;75;106;48;x;x
3427;125;42;228;x;x
3428;233;15;238;x;x
3429;10;205;126;x;x
3430;3;40;32;x;x
3431;251;157;39;x;x
3432;173;78;108;x;x
3433;188;138;251;x;x
3434;210;251;38;x;x
3435;130;55;114;x;x
3436;187;30;239;x;x
3437;171;48;53;x;x
3438;198;166;12;x;x
3439;241;83;194;x;x
3440;152;212;221;x;x
3441;224;251;4;x;x
3442;45;8;8;x;x
3443;125;88;215;x;x
3444;85;206;128;x;x
3445;63;197;219;x;x
3446;77;183;211;x;x
3447;18;24;85;x;x
3448;221;212;102;x;x
3449;109;168;197;x;x
3450;42;22;210;x;x
3451;131;106;50;x;x
3452;199;39;211;x;x
3453;165;156;114;x;x
3454;68;125;49;x;x
3455;176;161;239;x;x
3456;65;249;200;x;x
3457;39;60;113;x;x
3458;5;67;161;x;x
3459;59;144;133;x;x
3460;59;118;8;x;x
3461;240;95;13;x;x
3462;223;216;229;x;x
3463;80;234;81;x;x
3464;17;214;95;x;x
3465;64;79;35;x;x
3466;115;97;159;x;x
3467;17;165;64;x;x
3468;112;86;163;x;x
3469;26;32;227;x;x
3470;12;94;42;x;x
3471;90;11;237;x;x
3472;166;66;67;x;x
3473;129;22;162;x;x
3474;241;230;52;x;x
3475;20;0;240;x;x
3476;194;231;233;x;x
3477;235;79;190;x;x
3478;191;119;177;x;x
3479;251;32;212;x;x
3480;98;140;254;x;x
3481;152;126;250;x;x
3482;223;13;111;x;x
3483;84;246;181;x;x
3484;123;153;159;x;x
3485;214;3;140;x;x
3486;96;224;178;x;x
3487;173;196;108;x;x
3488;200;181;148;x;x
3489;121;208;92;x;x
3490;202;150;156;x;x
3491;167;75;126;x;x
3492;160;114;109;x;x
3493;22;70;142;x;x
3494;245;18;113;x;x
3495;138;169;34;x;x
3496;195;200;130;x;x
3497;6;91;184;x;x
3498;51;21;165;x;x
3499;205;210;15;x;x
3500;174;114;211;x;x
3501;154;69;47;x;x
3502;95;174;52;x;x
3503;198;53;60;x;x
3504;135;246;90;x;x
3505;112;59;55;x;x
3506;241;59;46;x;x
3507;25;55;151;x;x
3508;137;134;197;x;x
3509;236;23;63;x;x
3510;169;223;38;x;x
3511;96;140;100;x;x
3512;233;125;71;x;x
3513;171;229;43;x;x
3514;123;3;180;x;x
3515;177;81;77;x;x
3516;131;239;72;x;x
3517;201;20;83;x;x
3518;111;206;75;x;x
3519;13;211;107;x;x
3520;37;14;84;x;x
3521;85;101;53;x;x
3522;68;164;221;x;x
3523;118;155;65;x;x
3524;224;113;100;x;x
3525;244;107;236;x;x
3526;164;46;122;x;x
3527;236;99;234;x;x
3528;66;165;225;x;x
3529;149;72;118;x;x
3530;159;58;175;x;x
3531;24;53;108;x;x
3532;228;131;164;x;x
3533;195;158;224;x;x
3534;54;4;49;x;x
3535;203;226;133;x;x
3536;76;168;31;x;x
3537;107;119;84;x;x
3538;98;57;78;x;x
3539;133;190;244;x;x
3540;194;216;143;x;x
3541;115;163;101;x;x
3542;22;158;124;x;x
3543;144;23;129;x;x
3544;242;4;53;x;x
3545;129;169;163;x;x
3546;60;90;183;x;x
3547;247;179;8;x;x
3548;101;144;70;x;x
3549;36;98;135;x;x
3550;225;95;94;x;x
3551;130;181;116;x;x
3552;166;245;165;x;x
3553;73;212;2;x;x
3554;123;227;175;x;x
3555;227;188;52;x;x
3556;171;191;55;x;x
3557;134;118;235;x;x
3558;0;21;114;x;x
3559;103;38;110;x;x
3560;250;52;151;x;x
3561;255;28;125;x;x
3562;140;166;75;x;x
3563;61;68;151;x;x
3564;219;78;47;x;x
3565;6;7;174;x;x
3566;97;194;60;x;x
3567;176;170;20;x;x
3568;83;213;13;x;x
3569;148;116;230;x;x
3570;80;231;182;x;x
3571;101;249;79;x;x
3572;191;202;220;x;x
3573;67;105;44;x;x
3574;92;172;80;x;x
3575;184;215;118;x;x
3576;9;21;170;x;x
3577;227;7;140;x;x
3578;46;44;134;x;x
3579;128;136;134;x;x
3580;33;39;246;x;x
3581;148;145;197;x;x
3582;220;39;84;x;x
3583;148;255;213;x;x
3584;206;76;245;x;x
3585;114;217;134;x;x
3586;7;134;71;x;x
3587;89;147;248;x;x
3588;241;100;113;x;x
3589;62;239;43;x;x
3590;199;229;62;x;x
3591;144;103;231;x;x
3592;113;148;84;x;x
3593;60;30;129;x;x
3594;34;172;196;x;x
3595;102;110;20;x;x
3596;191;98;52;x;x
3597;83;38;20;x;x
3598;212;229;210;x;x
3599;65;11;116;x;x
3600;168;216;249;x;x
3601;172;50;248;x;x
3602;101;154;6;x;x
3603;97;70;99;x;x
3604;42;170;29;x;x
3605;90;93;89;x;x
3606;225;203;68;x;x
3607;70;189;123;x;x
3608;191;39;57;x;x
3609;35;169;46;x;x
3610;232;206;51;x;x
3611;64;117;40;x;x
3612;139;81;90;x;x
3613;161;123;190;x;x
3614;88;232;167;x;x
3615;41;145;121;x;x
3616;66;3;4;x;x
3617;146;38;135;x;x
3618;249;70;213;x;x
3619;27;238;94;x;x
3620;44;140;115;x;x
3621;64;38;80;x;x
3622;168;65;212;x;x
3623;254;203;61;x;x
3624;193;123;23;x;x
3625;191;104;1;x;x
3626;221;35;180;x;x
3627;98;44;27;x;x
3628;71;111;80;x;x
3629;146;26;246;x;x
3630;99;216;193;x;x
3631;73;7;15;x;x
3632;253;77;46;x;x
3633;26;67;207;x;x
3634;31;21;238;x;x
3635;232;224;230;x;x
3636;237;165;33;x;x
3637;167;53;24;x;x
3638;107;25;155;x;x
3639;112;17;212;x;x
3640;245;106;95;x;x
3641;244;43;195;x;x
3642;132;47;204;x;x
3643;244;107;224;x;x
3644;149;52;158;x;x
3645;164;22;159;x;x
3646;188;125;137;x;x
3647;200;69;13;x;x
3648;51;8;219;x;x
3649;157;90;178;x;x
3650;49;221;20;x;x
3651;117;227;196;x;x
3652;234;178;52;x;x
3653;247;200;141;x;x
3654;249;91;37;x;x
3655;35;214;129;x;x
3656;0;19;105;x;x
3657;125;106;229;x;x
3658;9;27;214;x;x
3659;213;77;250;x;x
3660;134;20;184;x;x
3661;187;43;116;x;x
3662;133;171;173;x;x
3663;9;200;79;x;x
3664;246;97;103;x;x
3665;114;168;211;x;x
3666;65;33;69;x;x
3667;104;46;1;x;x
3668;23;246;200;x;x
3669;40;161;58;x;x
3670;136;164;155;x;x
3671;71;217;79;x;x
3672;141;186;85;x;x
3673;154;10;23;x;x
3674;208;123;215;x;x
3675;178;66;46;x;x
3676;72;101;137;x;x
3677;92;144;169;x;x
3678;88;231;200;x;x
3679;140;157;219;x;x
3680;28;53;201;x;x
3681;141;154;202;x;x
3682;96;164;251;x;x
3683;146;9;159;x;x
3684;62;134;146;x;x
3685;80;172;172;x;x
3686;172;180;1;x;x
3687;105;233;244;x;x
3688;243;61;111;x;x
3689;198;202;68;x;x
3690;20;52;154;x;x
3691;122;16;227;x;x
3692;64;228;88;x;x
3693;15;170;209;x;x
3694;102;246;218;x;x
3695;74;48;89;x;x
3696;106;235;167;x;x
3697;254;196;81;x;x
3698;131;156;73;x;x
3699;139;77;28;x;x
3700;48;211;123;x;x
3701;39;94;194;x;x
3702;49;147;46;x;x
3703;200;246;242;x;x
3704;51;188;24;x;x
3705;62;222;237;x;x
3706;87;238;105;x;x
3707;58;42;222;x;x
3708;191;142;45;x;x
3709;105;87;237;x;x
3710;228;2;141;x;x
3711;68;159;39;x;x
3712;104;74;136;x;x
3713;0;59;251;x;x
3714;102;244;173;x;x
3715;238;2;115;x;x
3716;203;147;248;x;x
3717;168;109;33;x;x
3718;208;20;83;x;x
3719;140;147;175;x;x
3720;33;87;157;x;x
3721;244;135;105;x;x
3722;200;69;192;x;x
3723;106;95;96;x;x
3724;194;248;183;x;x
3725;93;63;88;x;x
3726;105;162;82;x;x
3727;83;211;129;x;x
3728;225;243;36;x;x
3729;111;24;6;x;x
3730;176;89;3;x;x
3731;8;20;56;x;x
3732;232;89;56;x;x
3733;170;109;192;x;x
3734;212;244;152;x;x
3735;116;54;183;x;x
3736;20;190;89;x;x
3737;95;195;217;x;x
3738;3;147;250;x;x
3739;94;147;24;x;x
3740;186;144;236;x;x
3741;187;114;194;x;x
3742;36;236;6;x;x
3743;114;121;56;x;x
3744;88;215;218;x;x
3745;73;144;0;x;x
3746;60;146;109;x;x
3747;110;161;190;x;x
3748;235;62;135;x;x
3749;98;97;37;x;x
3750;72;0;243;x;x
3751;197;95;40;x;x
3752;24;78;30;x;x
3753;105;5;143;x;x
3754;216;15;111;x;x
3755;117;246;39;x;x
3756;122;115;89;x;x
3757;63;216;45;x;x
3758;59;84;164;x;x
3759;127;35;150;x;x
3760;235;69;35;x;x
3761;162;73;21;x;x
3762;185;16;50;x;x
3763;248;202;182;x;x
3764;159;195;17;x;x
3765;69;249;83;x;x
3766;96;246;200;x;x
3767;63;192;37;x;x
3768;81;255;135;x;x
3769;47;128;121;x;x
3770;210;171;231;x;x
3771;242;236;175;x;x
3772;84;103;145;x;x
3773;185;82;105;x;x
3774;184;186;107;x;x
3775;149;183;254;x;x
3776;180;142;58;x;x
3777;251;120;220;x;x
3778;179;134;163;x;x
3779;162;49;82;x;x
3780;47;221;47;x;x
3781;221;235;7;x;x
3782;44;184;156;x;x
3783;230;217;87;x;x
3784;244;88;84;x;x
3785;59;72;236;x;x
3786;141;81;253;x;x
3787;158;120;233;x;x
3788;26;238;145;x;x
3789;42;211;176;x;x
3790;176;29;122;x;x
3791;184;238;166;x;x
3792;113;135;84;x;x
3793;234;141;206;x;x
3794;4;223;255;x;x
3795;154;76;117;x;x
3796;136;142;3;x;x
3797;112;49;228;x;x
3798;200;240;155;x;x
3799;77;66;209;x;x
3800;18;160;138;x;x
3801;107;87;200;x;x
3802;127;42;98;x;x
3803;152;224;186;x;x
3804;63;23;155;x;x
3805;117;217;50;x;x
3806;131;119;210;x;x
3807;58;143;151;x;x
3808;8;189;227;x;x
3809;27;164;178;x;x
3810;104;236;39;x;x
3811;102;39;247;x;x
3812;64;196;35;x;x
3813;30;169;42;x;x
3814;5;39;145;x;x
3815;128;170;1;x;x
3816;150;43;29;x;x
3817;216;37;192;x;x
3818;80;121;34;x;x
3819;203;188;180;x;x
3820;206;157;40;x;x
3821;96;31;89;x;x
3822;19;92;192;x;x
3823;19;66;202;x;x
3824;1;76;251;x;x
3825;77;229;29;x;x
3826;64;228;210;x;x
3827;39;162;95;x;x
3828;63;163;31;x;x
3829;169;54;236;x;x
3830;4;237;222;x;x
3831;77;191;172;x;x
3832;123;148;8;x;x
3833;138;69;214;x;x
3834;128;95;88;x;x
3835;125;204;141;x;x
3836;167;74;230;x;x
3837;45;109;89;x;x
3838;208;36;44;x;x
3839;71;102;21;x;x
3840;39;0;235;x;x
3841;42;9;115;x;x
3842;230;141;19;x;x
3843;57;191;14;x;x
3844;17;213;228;x;x
3845;35;173;162;x;x
3846;48;152;243;x;x
3847;84;144;240;x;x
3848;235;123;214;x;x
3849;227;228;130;x;x
3850;158;145;115;x;x
3851;136;168;152;x;x
3852;131;183;61;x;x
3853;79;98;75;x;x
3854;74;142;19;x;x
3855;210;154;87;x;x
3856;222;197;235;x;x
3857;44;30;93;x;x
3858;191;107;38;x;x
3859;250;90;184;x;x
3860;188;130;1;x;x
3861;217;198;68;x;x
3862;179;126;6;x;x
3863;143;26;37;x;x
3864;24;128;221;x;x
3865;4;198;39;x;x
3866;21;62;252;x;x
3867;16;78;95;x;x
3868;36;61;30;x;x
3869;68;29;85;x;x
3870;13;80;39;x;x
3871;178;203;230;x;x
3872;73;133;69;x;x
3873;4;82;0;x;x
3874;152;141;22;x;x
3875;17;135;107;x;x
3876;94;129;117;x;x
3877;82;13;96;x;x
3878;25;158;244;x;x
3879;146;114;129;x;x
3880;95;140;112;x;x
3881;19;196;195;x;x
3882;54;96;72;x;x
3883;98;146;238;x;x
3884;77;255;223;x;x
3885;209;112;159;x;x
3886;157;166;76;x;x
3887;21;241;5;x;x
3888;218;62;154;x;x
3889;84;28;76;x;x
3890;223;108;245;x;x
3891;115;254;15;x;x
3892;211;142;96;x;x
3893;168;90;135;x;x
3894;140;116;247;x;x
3895;15;64;158;x;x
3896;70;213;143;x;x
3897;131;57;95;x;x
3898;1;139;8;x;x
3899;94;60;75;x;x
3900;166;137;175;x;x
3901;241;83;124;x;x
3902;108;119;125;x;x
3903;185;86;209;x;x
3904;170;20;66;x;x
3905;50;4;202;x;x
3906;243;122;135;x;x
3907;92;99;212;x;x
3908;3;121;86;x;x
3909;215;96;127;x;x
3910;55;2;93;x;x
3911;22;135;24;x;x
3912;47;178;125;x;x
3913;146;205;87;x;x
3914;98;234;120;x;x
3915;244;251;82;x;x
3916;47;199;199;x;x
3917;140;182;44;x;x
3918;2;54;149;x;x
3919;6;73;24;x;x
3920;196;136;238;x;x
3921;201;115;202;x;x
3922;45;41;56;x;x
3923;203;32;80;x;x
3924;30;110;255;x;x
3925;49;39;215;x;x
3926;37;139;229;x;x
3927;3;156;46;x;x
3928;190;88;94;x;x
3929;124;240;196;x;x
3930;125;62;147;x;x
3931;20;30;108;x;x
3932;210;41;43;x;x
3933;26;38;0;x;x
3934;142;184;189;x;x
3935;88;33;189;x;x
3936;165;149;237;x;x
3937;25;139;61;x;x
3938;102;32;153;x;x
3939;59;253;147;x;x
3940;28;142;216;x;x
3941;217;199;52;x;x
3942;124;46;196;x;x
3943;14;212;39;x;x
3944;251;54;199;x;x
3945;255;99;114;x;x
3946;62;69;176;x;x
3947;175;0;224;x;x
3948;13;233;252;x;x
3949;218;206;194;x;x
3950;1;31;206;x;x
3951;117;217;10;x;x
3952;143;95;132;x;x
3953;246;194;16;x;x
3954;56;190;17;x;x
3955;26;88;110;x;x
3956;192;71;130;x;x
3957;178;238;235;x;x
3958;16;239;89;x;x
3959;25;111;12;x;x
3960;103;136;130;x;x
3961;185;128;126;x;x
3962;227;96;91;x;x
3963;250;118;71;x;x
3964;128;76;18;x;x
3965;228;175;49;x;x
3966;82;153;203;x;x
3967;93;145;90;x;x
3968;8;225;66;x;x
3969;16;40;132;x;x
3970;157;180;239;x;x
3971;125;69;45;x;x
3972;117;133;39;x;x
3973;44;82;95;x;x
3974;154;78;37;x;x
3975;178;0;11;x;x
3976;219;129;35;x;x
3977;14;237;147;x;x
3978;157;226;176;x;x
3979;216;37;6;x;x
3980;132;17;199;x;x
3981;45;96;153;x;x
3982;246;136;163;x;x
3983;153;253;94;x;x
3984;194;252;231;x;x
3985;55;31;37;x;x
3986;231;194;34;x;x
3987;6;231;214;x;x
3988;19;79;42;x;x
3989;193;221;221;x;x
3990;109;87;66;x;x
3991;245;75;80;x;x
3992;175;230;233;x;x
3993;41;172;104;x;x
3994;147;26;212;x;x
3995;119;34;36;x;x
3996;109;59;255;x;x
3997;168;157;116;x;x
3998;149;250;104;x;x
3999;213;253;55;x;x
4000;140;96;125;x;x
4001;117;52;83;x;x
4002;25;241;140;x;x
4003;180;107;113;x;x
4004;55;255;152;x;x
4005;253;217;134;x;x
4006;73;224;18;x;x
4007;204;216;109;x;x
4008;10;104;1;x;x
4009;250;176;221;x;x
4010;24;252;127;x;x
4011;40;173;224;x;x
4012;62;160;93;x;x
4013;235;105;91;x;x
4014;133;136;195;x;x
4015;8;127;84;x;x
4016;81;83;37;x;x
4017;121;216;201;x;x
4018;44;5;67;x;x
4019;241;213;103;x;x
4020;192;117;94;x;x
4021;196;124;165;x;x
4022;15;226;144;x;x
4023;206;62;11;x;x
4024;145;233;152;x;x
4025;184;37;181;x;x
4026;206;17;98;x;x
4027;208;2;193;x;x
4028;57;163;13;x;x
4029;23;120;127;x;x
4030;166;85;74;x;x
4031;251;104;80;x;x
4032;177;206;34;x;x
4033;99;250;124;x;x
4034;85;172;35;x;x
4035;55;18;233;x;x
4036;116;108;30;x;x
4037;187;95;206;x;x
4038;79;178;231;x;x
4039;243;89;5;x;x
4040;131;118;54;x;x
4041;15;111;102;x;x
4042;193;159;97;x;x
4043;152;200;75;x;x
4044;56;93;211;x;x
4045;37;18;214;x;x
4046;132;0;53;x;x
4047;232;136;157;x;x
4048;246;87;116;x;x
4049;65;2;98;x;x
4050;128;132;181;x;x
4051;55;34;195;x;x
4052;171;68;127;x;x
4053;43;68;238;x;x
4054;89;197;14;x;x
4055;251;43;11;x;x
4056;251;235;7;x;x
4057;43;132;180;x;x
4058;88;161;41;x;x
4059;78;18;56;x;x
4060;14;31;174;x;x
4061;62;156;217;x;x
4062;209;154;232;x;x
4063;2;56;109;x;x
4064;197;205;138;x;x
4065;62;28;187;x;x
4066;173;160;182;x;x
4067;26;222;78;x;x
4068;33;134;144;x;x
4069;45;222;58;x;x
4070;63;177;7;x;x
4071;117;196;180;x;x
4072;252;92;128;x;x
4073;124;217;203;x;x
4074;146;167;98;x;x
4075;115;180;187;x;x
4076;206;34;112;x;x
4077;109;111;116;x;x
4078;246;73;164;x;x
4079;96;168;127;x;x
4080;40;150;139;x;x
4081;231;234;164;x;x
4082;119;123;25;x;x
4083;202;23;201;x;x
4084;134;221;159;x;x
4085;130;244;175;x;x
4086;48;202;53;x;x
4087;25;30;156;x;x
4088;54;250;167;x;x
4089;87;136;79;x;x
4090;184;10;102;x;x
4091;22;180;75;x;x
4092;62;236;247;x;x
4093;241;141;42;x;x
4094;22;127;5;x;x
4095;106;245;73;x;x
4096;38;219;155;x;x
4097;16;132;225;x;Agol'Watha
